K,n_total,n_por_grupo,d,d_h,umbral_bf,p_any,p_true
5,48,24,0.0,0.0,4,0.0415,
5,48,24,0.0,0.0,6,0.026,
5,48,24,0.0,0.0,10,0.015,
5,48,24,0.5,0.0,4,0.15575,0.1305
5,48,24,0.5,0.0,6,0.117,0.10125
5,48,24,0.5,0.0,10,0.082,0.072
5,48,24,0.65,0.0,4,0.25725,0.23875
5,48,24,0.65,0.0,6,0.209,0.19725
5,48,24,0.65,0.0,10,0.15275,0.14525
5,48,24,0.7,0.0,4,0.328,0.3065
5,48,24,0.7,0.0,6,0.266,0.24975
5,48,24,0.7,0.0,10,0.20375,0.194
5,48,24,0.8,0.0,4,0.4435,0.42775
5,48,24,0.8,0.0,6,0.37475,0.36475
5,48,24,0.8,0.0,10,0.30525,0.3005
5,48,24,1.0,0.0,4,0.67825,0.67075
5,48,24,1.0,0.0,6,0.613,0.6085
5,48,24,1.0,0.0,10,0.5335,0.5295
5,60,30,0.0,0.0,4,0.0345,
5,60,30,0.0,0.0,6,0.0205,
5,60,30,0.0,0.0,10,0.0115,
5,60,30,0.5,0.0,4,0.198,0.178
5,60,30,0.5,0.0,6,0.1535,0.14275
5,60,30,0.5,0.0,10,0.11575,0.10925
5,60,30,0.65,0.0,4,0.3625,0.351
5,60,30,0.65,0.0,6,0.30175,0.2935
5,60,30,0.65,0.0,10,0.24025,0.235
5,60,30,0.7,0.0,4,0.4295,0.41425
5,60,30,0.7,0.0,6,0.36075,0.35125
5,60,30,0.7,0.0,10,0.2945,0.2895
5,60,30,0.8,0.0,4,0.5395,0.52875
5,60,30,0.8,0.0,6,0.47575,0.4695
5,60,30,0.8,0.0,10,0.4015,0.3985
5,60,30,1.0,0.0,4,0.79575,0.79
5,60,30,1.0,0.0,6,0.75075,0.7475
5,60,30,1.0,0.0,10,0.68475,0.68275
5,72,36,0.0,0.0,4,0.03175,
5,72,36,0.0,0.0,6,0.0215,
5,72,36,0.0,0.0,10,0.0125,
5,72,36,0.5,0.0,4,0.239,0.22025
5,72,36,0.5,0.0,6,0.19275,0.17925
5,72,36,0.5,0.0,10,0.14425,0.136
5,72,36,0.65,0.0,4,0.4375,0.42475
5,72,36,0.65,0.0,6,0.37825,0.36675
5,72,36,0.65,0.0,10,0.30625,0.29925
5,72,36,0.7,0.0,4,0.522,0.51375
5,72,36,0.7,0.0,6,0.4515,0.44525
5,72,36,0.7,0.0,10,0.38125,0.3775
5,72,36,0.8,0.0,4,0.672,0.66475
5,72,36,0.8,0.0,6,0.61075,0.6045
5,72,36,0.8,0.0,10,0.53975,0.53525
5,72,36,1.0,0.0,4,0.88225,0.88025
5,72,36,1.0,0.0,6,0.844,0.84325
5,72,36,1.0,0.0,10,0.79725,0.797
5,84,42,0.0,0.0,4,0.02725,
5,84,42,0.0,0.0,6,0.0165,
5,84,42,0.0,0.0,10,0.01025,
5,84,42,0.5,0.0,4,0.28475,0.26975
5,84,42,0.5,0.0,6,0.2345,0.225
5,84,42,0.5,0.0,10,0.1815,0.176
5,84,42,0.65,0.0,4,0.52125,0.512
5,84,42,0.65,0.0,6,0.46025,0.454
5,84,42,0.65,0.0,10,0.38675,0.3825
5,84,42,0.7,0.0,4,0.6025,0.5965
5,84,42,0.7,0.0,6,0.54125,0.53675
5,84,42,0.7,0.0,10,0.46475,0.46225
5,84,42,0.8,0.0,4,0.75125,0.74425
5,84,42,0.8,0.0,6,0.6995,0.69425
5,84,42,0.8,0.0,10,0.6345,0.63125
5,84,42,1.0,0.0,4,0.94075,0.94
5,84,42,1.0,0.0,6,0.91925,0.9185
5,84,42,1.0,0.0,10,0.8855,0.8845
5,100,50,0.0,0.0,4,0.0245,
5,100,50,0.0,0.0,6,0.01675,
5,100,50,0.0,0.0,10,0.0095,
5,100,50,0.5,0.0,4,0.3415,0.329
5,100,50,0.5,0.0,6,0.2845,0.27675
5,100,50,0.5,0.0,10,0.22875,0.22525
5,100,50,0.65,0.0,4,0.62425,0.6185
5,100,50,0.65,0.0,6,0.5645,0.56025
5,100,50,0.65,0.0,10,0.49425,0.491
5,100,50,0.7,0.0,4,0.70475,0.70025
5,100,50,0.7,0.0,6,0.65125,0.64775
5,100,50,0.7,0.0,10,0.58625,0.58375
5,100,50,0.8,0.0,4,0.84325,0.84025
5,100,50,0.8,0.0,6,0.79975,0.798
5,100,50,0.8,0.0,10,0.7405,0.73875
5,100,50,1.0,0.0,4,0.97575,0.975
5,100,50,1.0,0.0,6,0.96475,0.9645
5,100,50,1.0,0.0,10,0.9445,0.944
5,120,60,0.0,0.0,4,0.0245,
5,120,60,0.0,0.0,6,0.01525,
5,120,60,0.0,0.0,10,0.009,
5,120,60,0.5,0.0,4,0.43675,0.4265
5,120,60,0.5,0.0,6,0.3715,0.36475
5,120,60,0.5,0.0,10,0.30575,0.30175
5,120,60,0.65,0.0,4,0.7185,0.71375
5,120,60,0.65,0.0,6,0.67,0.66625
5,120,60,0.65,0.0,10,0.60175,0.59925
5,120,60,0.7,0.0,4,0.807,0.80425
5,120,60,0.7,0.0,6,0.7615,0.759
5,120,60,0.7,0.0,10,0.70475,0.70275
5,120,60,0.8,0.0,4,0.9145,0.91325
5,120,60,0.8,0.0,6,0.88925,0.88725
5,120,60,0.8,0.0,10,0.84675,0.84525
5,120,60,1.0,0.0,4,0.99175,0.9915
5,120,60,1.0,0.0,6,0.9875,0.98725
5,120,60,1.0,0.0,10,0.982,0.9815
5,160,80,0.0,0.0,4,0.017,
5,160,80,0.0,0.0,6,0.01125,
5,160,80,0.0,0.0,10,0.00675,
5,160,80,0.5,0.0,4,0.5795,0.57425
5,160,80,0.5,0.0,6,0.52125,0.51875
5,160,80,0.5,0.0,10,0.45775,0.45575
5,160,80,0.65,0.0,4,0.8645,0.8625
5,160,80,0.65,0.0,6,0.8285,0.82625
5,160,80,0.65,0.0,10,0.7855,0.78425
5,160,80,0.7,0.0,4,0.9255,0.92475
5,160,80,0.7,0.0,6,0.896,0.8955
5,160,80,0.7,0.0,10,0.864,0.86325
5,160,80,0.8,0.0,4,0.977,0.97675
5,160,80,0.8,0.0,6,0.96825,0.968
5,160,80,0.8,0.0,10,0.95125,0.95125
5,160,80,1.0,0.0,4,1.0,1.0
5,160,80,1.0,0.0,6,0.9995,0.9995
5,160,80,1.0,0.0,10,0.998,0.998
10,48,24,0.0,0.0,4,0.08525,
10,48,24,0.0,0.0,6,0.05675,
10,48,24,0.0,0.0,10,0.03425,
10,48,24,0.5,0.0,4,0.1785,0.1245
10,48,24,0.5,0.0,6,0.134,0.096
10,48,24,0.5,0.0,10,0.091,0.06675
10,48,24,0.65,0.0,4,0.2775,0.232
10,48,24,0.65,0.0,6,0.2105,0.18175
10,48,24,0.65,0.0,10,0.153,0.13675
10,48,24,0.7,0.0,4,0.3095,0.27125
10,48,24,0.7,0.0,6,0.246,0.22
10,48,24,0.7,0.0,10,0.17975,0.16075
10,48,24,0.8,0.0,4,0.40425,0.36675
10,48,24,0.8,0.0,6,0.3355,0.307
10,48,24,0.8,0.0,10,0.26675,0.248
10,48,24,1.0,0.0,4,0.62075,0.601
10,48,24,1.0,0.0,6,0.55025,0.53525
10,48,24,1.0,0.0,10,0.46075,0.45175
10,60,30,0.0,0.0,4,0.067,
10,60,30,0.0,0.0,6,0.0395,
10,60,30,0.0,0.0,10,0.02275,
10,60,30,0.5,0.0,4,0.203,0.159
10,60,30,0.5,0.0,6,0.158,0.1265
10,60,30,0.5,0.0,10,0.10875,0.09225
10,60,30,0.65,0.0,4,0.34725,0.31075
10,60,30,0.65,0.0,6,0.28575,0.2585
10,60,30,0.65,0.0,10,0.22075,0.20525
10,60,30,0.7,0.0,4,0.416,0.3815
10,60,30,0.7,0.0,6,0.3395,0.3155
10,60,30,0.7,0.0,10,0.2655,0.251
10,60,30,0.8,0.0,4,0.541,0.51925
10,60,30,0.8,0.0,6,0.4635,0.4475
10,60,30,0.8,0.0,10,0.389,0.377
10,60,30,1.0,0.0,4,0.772,0.76125
10,60,30,1.0,0.0,6,0.70575,0.69625
10,60,30,1.0,0.0,10,0.62625,0.61875
10,72,36,0.0,0.0,4,0.05975,
10,72,36,0.0,0.0,6,0.0385,
10,72,36,0.0,0.0,10,0.0205,
10,72,36,0.5,0.0,4,0.25325,0.21425
10,72,36,0.5,0.0,6,0.19225,0.166
10,72,36,0.5,0.0,10,0.14375,0.12825
10,72,36,0.65,0.0,4,0.42575,0.391
10,72,36,0.65,0.0,6,0.361,0.335
10,72,36,0.65,0.0,10,0.28975,0.273
10,72,36,0.7,0.0,4,0.50625,0.4765
10,72,36,0.7,0.0,6,0.439,0.41725
10,72,36,0.7,0.0,10,0.3495,0.336
10,72,36,0.8,0.0,4,0.6325,0.61475
10,72,36,0.8,0.0,6,0.55975,0.547
10,72,36,0.8,0.0,10,0.47875,0.4705
10,72,36,1.0,0.0,4,0.85375,0.845
10,72,36,1.0,0.0,6,0.815,0.80825
10,72,36,1.0,0.0,10,0.75925,0.754
10,84,42,0.0,0.0,4,0.057,
10,84,42,0.0,0.0,6,0.03675,
10,84,42,0.0,0.0,10,0.0205,
10,84,42,0.5,0.0,4,0.271,0.2325
10,84,42,0.5,0.0,6,0.2185,0.19325
10,84,42,0.5,0.0,10,0.161,0.14825
10,84,42,0.65,0.0,4,0.50475,0.48175
10,84,42,0.65,0.0,6,0.43725,0.4205
10,84,42,0.65,0.0,10,0.36175,0.351
10,84,42,0.7,0.0,4,0.58,0.56075
10,84,42,0.7,0.0,6,0.516,0.50325
10,84,42,0.7,0.0,10,0.43975,0.43175
10,84,42,0.8,0.0,4,0.73175,0.72
10,84,42,0.8,0.0,6,0.66925,0.6595
10,84,42,0.8,0.0,10,0.5965,0.59
10,84,42,1.0,0.0,4,0.9155,0.9125
10,84,42,1.0,0.0,6,0.891,0.889
10,84,42,1.0,0.0,10,0.85125,0.8495
10,100,50,0.0,0.0,4,0.05075,
10,100,50,0.0,0.0,6,0.03475,
10,100,50,0.0,0.0,10,0.019,
10,100,50,0.5,0.0,4,0.3395,0.312
10,100,50,0.5,0.0,6,0.2845,0.264
10,100,50,0.5,0.0,10,0.22025,0.20825
10,100,50,0.65,0.0,4,0.591,0.57425
10,100,50,0.65,0.0,6,0.52875,0.51625
10,100,50,0.65,0.0,10,0.44875,0.44
10,100,50,0.7,0.0,4,0.67475,0.6615
10,100,50,0.7,0.0,6,0.61875,0.609
10,100,50,0.7,0.0,10,0.54,0.534
10,100,50,0.8,0.0,4,0.82075,0.813
10,100,50,0.8,0.0,6,0.77475,0.7685
10,100,50,0.8,0.0,10,0.71775,0.7135
10,100,50,1.0,0.0,4,0.96525,0.96325
10,100,50,1.0,0.0,6,0.949,0.94775
10,100,50,1.0,0.0,10,0.9265,0.92525
10,120,60,0.0,0.0,4,0.0485,
10,120,60,0.0,0.0,6,0.03175,
10,120,60,0.0,0.0,10,0.01975,
10,120,60,0.5,0.0,4,0.421,0.40075
10,120,60,0.5,0.0,6,0.36325,0.35
10,120,60,0.5,0.0,10,0.2925,0.284
10,120,60,0.65,0.0,4,0.70425,0.692
10,120,60,0.65,0.0,6,0.646,0.63875
10,120,60,0.65,0.0,10,0.5735,0.56825
10,120,60,0.7,0.0,4,0.7845,0.77725
10,120,60,0.7,0.0,6,0.73825,0.73275
10,120,60,0.7,0.0,10,0.67325,0.6685
10,120,60,0.8,0.0,4,0.9015,0.89625
10,120,60,0.8,0.0,6,0.8695,0.8655
10,120,60,0.8,0.0,10,0.8305,0.828
10,120,60,1.0,0.0,4,0.98925,0.989
10,120,60,1.0,0.0,6,0.98625,0.986
10,120,60,1.0,0.0,10,0.97775,0.9775
10,160,80,0.0,0.0,4,0.0375,
10,160,80,0.0,0.0,6,0.02425,
10,160,80,0.0,0.0,10,0.01375,
10,160,80,0.5,0.0,4,0.5685,0.55325
10,160,80,0.5,0.0,6,0.504,0.49175
10,160,80,0.5,0.0,10,0.43525,0.42775
10,160,80,0.65,0.0,4,0.848,0.84425
10,160,80,0.65,0.0,6,0.8105,0.807
10,160,80,0.65,0.0,10,0.75725,0.755
10,160,80,0.7,0.0,4,0.91025,0.908
10,160,80,0.7,0.0,6,0.884,0.882
10,160,80,0.7,0.0,10,0.847,0.8455
10,160,80,0.8,0.0,4,0.97375,0.973
10,160,80,0.8,0.0,6,0.9635,0.9625
10,160,80,0.8,0.0,10,0.94625,0.94525
10,160,80,1.0,0.0,4,0.999,0.999
10,160,80,1.0,0.0,6,0.99825,0.99825
10,160,80,1.0,0.0,10,0.99725,0.99725
14,48,24,0.0,0.0,4,0.10675,
14,48,24,0.0,0.0,6,0.07075,
14,48,24,0.0,0.0,10,0.03975,
14,48,24,0.5,0.0,4,0.178,0.099
14,48,24,0.5,0.0,6,0.13375,0.0765
14,48,24,0.5,0.0,10,0.084,0.05
14,48,24,0.65,0.0,4,0.2615,0.19125
14,48,24,0.65,0.0,6,0.20075,0.15225
14,48,24,0.65,0.0,10,0.143,0.1145
14,48,24,0.7,0.0,4,0.275,0.21275
14,48,24,0.7,0.0,6,0.21075,0.1675
14,48,24,0.7,0.0,10,0.15,0.127
14,48,24,0.8,0.0,4,0.38275,0.3265
14,48,24,0.8,0.0,6,0.3105,0.26975
14,48,24,0.8,0.0,10,0.23525,0.21075
14,48,24,1.0,0.0,4,0.55675,0.521
14,48,24,1.0,0.0,6,0.4795,0.45225
14,48,24,1.0,0.0,10,0.39175,0.3715
14,60,30,0.0,0.0,4,0.09625,
14,60,30,0.0,0.0,6,0.0655,
14,60,30,0.0,0.0,10,0.03875,
14,60,30,0.5,0.0,4,0.21475,0.148
14,60,30,0.5,0.0,6,0.1625,0.1115
14,60,30,0.5,0.0,10,0.1105,0.0805
14,60,30,0.65,0.0,4,0.34,0.288
14,60,30,0.65,0.0,6,0.2715,0.23425
14,60,30,0.65,0.0,10,0.20225,0.1815
14,60,30,0.7,0.0,4,0.378,0.33075
14,60,30,0.7,0.0,6,0.31075,0.27575
14,60,30,0.7,0.0,10,0.23825,0.2175
14,60,30,0.8,0.0,4,0.5115,0.47175
14,60,30,0.8,0.0,6,0.43425,0.40675
14,60,30,0.8,0.0,10,0.35025,0.33325
14,60,30,1.0,0.0,4,0.72625,0.70525
14,60,30,1.0,0.0,6,0.65975,0.6435
14,60,30,1.0,0.0,10,0.58075,0.5705
14,72,36,0.0,0.0,4,0.08175,
14,72,36,0.0,0.0,6,0.04675,
14,72,36,0.0,0.0,10,0.02925,
14,72,36,0.5,0.0,4,0.25425,0.19375
14,72,36,0.5,0.0,6,0.19275,0.15425
14,72,36,0.5,0.0,10,0.13525,0.11
14,72,36,0.65,0.0,4,0.40925,0.37
14,72,36,0.65,0.0,6,0.33675,0.30975
14,72,36,0.65,0.0,10,0.2655,0.249
14,72,36,0.7,0.0,4,0.47275,0.42975
14,72,36,0.7,0.0,6,0.4005,0.36925
14,72,36,0.7,0.0,10,0.32575,0.30575
14,72,36,0.8,0.0,4,0.59525,0.56775
14,72,36,0.8,0.0,6,0.52975,0.50875
14,72,36,0.8,0.0,10,0.44725,0.433
14,72,36,1.0,0.0,4,0.82625,0.81375
14,72,36,1.0,0.0,6,0.77975,0.7705
14,72,36,1.0,0.0,10,0.713,0.70425
14,84,42,0.0,0.0,4,0.071,
14,84,42,0.0,0.0,6,0.04775,
14,84,42,0.0,0.0,10,0.02825,
14,84,42,0.5,0.0,4,0.28,0.22975
14,84,42,0.5,0.0,6,0.2185,0.18325
14,84,42,0.5,0.0,10,0.16275,0.14225
14,84,42,0.65,0.0,4,0.49925,0.4605
14,84,42,0.65,0.0,6,0.42,0.391
14,84,42,0.65,0.0,10,0.34525,0.329
14,84,42,0.7,0.0,4,0.56925,0.53875
14,84,42,0.7,0.0,6,0.493,0.47
14,84,42,0.7,0.0,10,0.4105,0.3965
14,84,42,0.8,0.0,4,0.702,0.683
14,84,42,0.8,0.0,6,0.64175,0.628
14,84,42,0.8,0.0,10,0.56025,0.5505
14,84,42,1.0,0.0,4,0.8995,0.89325
14,84,42,1.0,0.0,6,0.8705,0.866
14,84,42,1.0,0.0,10,0.82375,0.819
14,100,50,0.0,0.0,4,0.06775,
14,100,50,0.0,0.0,6,0.046,
14,100,50,0.0,0.0,10,0.026,
14,100,50,0.5,0.0,4,0.33975,0.299
14,100,50,0.5,0.0,6,0.276,0.24775
14,100,50,0.5,0.0,10,0.2085,0.19275
14,100,50,0.65,0.0,4,0.589,0.5645
14,100,50,0.65,0.0,6,0.52625,0.5075
14,100,50,0.65,0.0,10,0.4475,0.43375
14,100,50,0.7,0.0,4,0.66575,0.64575
14,100,50,0.7,0.0,6,0.607,0.594
14,100,50,0.7,0.0,10,0.53625,0.52675
14,100,50,0.8,0.0,4,0.80275,0.792
14,100,50,0.8,0.0,6,0.757,0.748
14,100,50,0.8,0.0,10,0.692,0.6875
14,100,50,1.0,0.0,4,0.95925,0.9565
14,100,50,1.0,0.0,6,0.94525,0.942
14,100,50,1.0,0.0,10,0.9225,0.9205
14,120,60,0.0,0.0,4,0.06425,
14,120,60,0.0,0.0,6,0.03975,
14,120,60,0.0,0.0,10,0.0225,
14,120,60,0.5,0.0,4,0.41225,0.3765
14,120,60,0.5,0.0,6,0.34,0.3155
14,120,60,0.5,0.0,10,0.2785,0.26425
14,120,60,0.65,0.0,4,0.674,0.6575
14,120,60,0.65,0.0,6,0.61275,0.60275
14,120,60,0.65,0.0,10,0.54475,0.5365
14,120,60,0.7,0.0,4,0.7675,0.75375
14,120,60,0.7,0.0,6,0.7195,0.70875
14,120,60,0.7,0.0,10,0.66525,0.659
14,120,60,0.8,0.0,4,0.88025,0.87275
14,120,60,0.8,0.0,6,0.84775,0.84275
14,120,60,0.8,0.0,10,0.7975,0.79375
14,120,60,1.0,0.0,4,0.98475,0.98325
14,120,60,1.0,0.0,6,0.9775,0.977
14,120,60,1.0,0.0,10,0.9675,0.967
14,160,80,0.0,0.0,4,0.0555,
14,160,80,0.0,0.0,6,0.03875,
14,160,80,0.0,0.0,10,0.0205,
14,160,80,0.5,0.0,4,0.5795,0.55825
14,160,80,0.5,0.0,6,0.51225,0.49725
14,160,80,0.5,0.0,10,0.4435,0.4325
14,160,80,0.65,0.0,4,0.84775,0.83925
14,160,80,0.65,0.0,6,0.809,0.802
14,160,80,0.65,0.0,10,0.7605,0.75525
14,160,80,0.7,0.0,4,0.90025,0.89825
14,160,80,0.7,0.0,6,0.87075,0.87
14,160,80,0.7,0.0,10,0.83075,0.82975
14,160,80,0.8,0.0,4,0.97175,0.97
14,160,80,0.8,0.0,6,0.95875,0.95675
14,160,80,0.8,0.0,10,0.94175,0.94025
14,160,80,1.0,0.0,4,0.99925,0.99925
14,160,80,1.0,0.0,6,0.999,0.999
14,160,80,1.0,0.0,10,0.998,0.998
20,48,24,0.0,0.0,4,0.15325,
20,48,24,0.0,0.0,6,0.1065,
20,48,24,0.0,0.0,10,0.06375,
20,48,24,0.5,0.0,4,0.2015,0.086
20,48,24,0.5,0.0,6,0.141,0.0665
20,48,24,0.5,0.0,10,0.09175,0.044
20,48,24,0.65,0.0,4,0.26725,0.16025
20,48,24,0.65,0.0,6,0.197,0.12125
20,48,24,0.65,0.0,10,0.13125,0.08425
20,48,24,0.7,0.0,4,0.294,0.1905
20,48,24,0.7,0.0,6,0.2235,0.14925
20,48,24,0.7,0.0,10,0.15075,0.106
20,48,24,0.8,0.0,4,0.34125,0.25875
20,48,24,0.8,0.0,6,0.2725,0.20975
20,48,24,0.8,0.0,10,0.19925,0.1565
20,48,24,1.0,0.0,4,0.50725,0.446
20,48,24,1.0,0.0,6,0.424,0.382
20,48,24,1.0,0.0,10,0.3345,0.30475
20,60,30,0.0,0.0,4,0.135,
20,60,30,0.0,0.0,6,0.09675,
20,60,30,0.0,0.0,10,0.05775,
20,60,30,0.5,0.0,4,0.2175,0.121
20,60,30,0.5,0.0,6,0.156,0.09
20,60,30,0.5,0.0,10,0.104,0.066
20,60,30,0.65,0.0,4,0.31175,0.22925
20,60,30,0.65,0.0,6,0.2405,0.186
20,60,30,0.65,0.0,10,0.17475,0.13975
20,60,30,0.7,0.0,4,0.3625,0.27775
20,60,30,0.7,0.0,6,0.2915,0.23325
20,60,30,0.7,0.0,10,0.213,0.17775
20,60,30,0.8,0.0,4,0.47025,0.403
20,60,30,0.8,0.0,6,0.38775,0.3405
20,60,30,0.8,0.0,10,0.29725,0.268
20,60,30,1.0,0.0,4,0.6595,0.6175
20,60,30,1.0,0.0,6,0.58325,0.5515
20,60,30,1.0,0.0,10,0.49825,0.4785
20,72,36,0.0,0.0,4,0.124,
20,72,36,0.0,0.0,6,0.0815,
20,72,36,0.0,0.0,10,0.05075,
20,72,36,0.5,0.0,4,0.256,0.165
20,72,36,0.5,0.0,6,0.1945,0.12975
20,72,36,0.5,0.0,10,0.13325,0.0925
20,72,36,0.65,0.0,4,0.39425,0.32725
20,72,36,0.65,0.0,6,0.31625,0.26925
20,72,36,0.65,0.0,10,0.24175,0.2125
20,72,36,0.7,0.0,4,0.46375,0.40075
20,72,36,0.7,0.0,6,0.38675,0.342
20,72,36,0.7,0.0,10,0.29925,0.27025
20,72,36,0.8,0.0,4,0.558,0.51125
20,72,36,0.8,0.0,6,0.48175,0.44625
20,72,36,0.8,0.0,10,0.39175,0.3675
20,72,36,1.0,0.0,4,0.78575,0.76575
20,72,36,1.0,0.0,6,0.73325,0.7165
20,72,36,1.0,0.0,10,0.66025,0.64925
20,84,42,0.0,0.0,4,0.1135,
20,84,42,0.0,0.0,6,0.0785,
20,84,42,0.0,0.0,10,0.047,
20,84,42,0.5,0.0,4,0.29825,0.22
20,84,42,0.5,0.0,6,0.2355,0.17725
20,84,42,0.5,0.0,10,0.17075,0.1335
20,84,42,0.65,0.0,4,0.4445,0.38525
20,84,42,0.65,0.0,6,0.36625,0.3265
20,84,42,0.65,0.0,10,0.29725,0.27175
20,84,42,0.7,0.0,4,0.541,0.4875
20,84,42,0.7,0.0,6,0.4605,0.42475
20,84,42,0.7,0.0,10,0.376,0.35325
20,84,42,0.8,0.0,4,0.666,0.6295
20,84,42,0.8,0.0,6,0.595,0.569
20,84,42,0.8,0.0,10,0.51775,0.502
20,84,42,1.0,0.0,4,0.874,0.863
20,84,42,1.0,0.0,6,0.833,0.824
20,84,42,1.0,0.0,10,0.774,0.7675
20,100,50,0.0,0.0,4,0.093,
20,100,50,0.0,0.0,6,0.05975,
20,100,50,0.0,0.0,10,0.03325,
20,100,50,0.5,0.0,4,0.33825,0.27125
20,100,50,0.5,0.0,6,0.26825,0.2225
20,100,50,0.5,0.0,10,0.206,0.17525
20,100,50,0.65,0.0,4,0.5545,0.51675
20,100,50,0.65,0.0,6,0.4875,0.462
20,100,50,0.65,0.0,10,0.408,0.3895
20,100,50,0.7,0.0,4,0.64425,0.61125
20,100,50,0.7,0.0,6,0.5725,0.55025
20,100,50,0.7,0.0,10,0.494,0.478
20,100,50,0.8,0.0,4,0.762,0.74325
20,100,50,0.8,0.0,6,0.7085,0.692
20,100,50,0.8,0.0,10,0.63825,0.626
20,100,50,1.0,0.0,4,0.94575,0.94025
20,100,50,1.0,0.0,6,0.929,0.924
20,100,50,1.0,0.0,10,0.89675,0.89275
20,120,60,0.0,0.0,4,0.086,
20,120,60,0.0,0.0,6,0.05525,
20,120,60,0.0,0.0,10,0.0315,
20,120,60,0.5,0.0,4,0.41525,0.36525
20,120,60,0.5,0.0,6,0.34325,0.311
20,120,60,0.5,0.0,10,0.2785,0.25875
20,120,60,0.65,0.0,4,0.67875,0.65175
20,120,60,0.65,0.0,6,0.6045,0.58525
20,120,60,0.65,0.0,10,0.52225,0.5105
20,120,60,0.7,0.0,4,0.7365,0.7175
20,120,60,0.7,0.0,6,0.6785,0.66475
20,120,60,0.7,0.0,10,0.60975,0.601
20,120,60,0.8,0.0,4,0.85825,0.84675
20,120,60,0.8,0.0,6,0.82275,0.81325
20,120,60,0.8,0.0,10,0.77375,0.76725
20,120,60,1.0,0.0,4,0.9815,0.979
20,120,60,1.0,0.0,6,0.96925,0.968
20,120,60,1.0,0.0,10,0.95275,0.95175
20,160,80,0.0,0.0,4,0.07525,
20,160,80,0.0,0.0,6,0.0485,
20,160,80,0.0,0.0,10,0.026,
20,160,80,0.5,0.0,4,0.54675,0.509
20,160,80,0.5,0.0,6,0.477,0.448
20,160,80,0.5,0.0,10,0.3975,0.379
20,160,80,0.65,0.0,4,0.83475,0.821
20,160,80,0.65,0.0,6,0.78775,0.77725
20,160,80,0.65,0.0,10,0.7355,0.72725
20,160,80,0.7,0.0,4,0.89275,0.88275
20,160,80,0.7,0.0,6,0.8555,0.84875
20,160,80,0.7,0.0,10,0.81525,0.80975
20,160,80,0.8,0.0,4,0.9605,0.956
20,160,80,0.8,0.0,6,0.94925,0.9455
20,160,80,0.8,0.0,10,0.9285,0.9255
20,160,80,1.0,0.0,4,0.997,0.997
20,160,80,1.0,0.0,6,0.9965,0.99625
20,160,80,1.0,0.0,10,0.99525,0.995
