n_por_grupo,d,p_bf3,p_bf6,p_bf10,p_nulo
10,0.0,0.021596151634661023,0.008192104001373435,0.004124974278528743,0.0
10,0.5,0.1044038521348312,0.05168327220722747,0.03071488896685543,0.0
10,0.65,0.1715934303549909,0.0923417622804612,0.0578488410399285,0.0
10,0.8,0.26179338593950724,0.1529474428908991,0.10100977491238461,0.0
10,1.0,0.4111956227021,0.26732522764878186,0.18937306099265383,0.0
12,0.0,0.021105722853634015,0.00814183404007739,0.004139797091278846,0.0
12,0.5,0.12453860049838761,0.06488318982528815,0.039908820551956714,0.0
12,0.65,0.20937942952871647,0.11955207264264438,0.07801466510555491,0.0
12,0.8,0.32134099931042537,0.20063044360613533,0.13884088845168094,0.0
12,1.0,0.4981500690700664,0.34849302452054837,0.26037101278596203,0.0
14,0.0,0.020649138536508415,0.008074320362624903,0.0041381343650081035,0.0
14,0.5,0.1450779555150509,0.07887821854355648,0.04994540481970517,0.0
14,0.65,0.247561356877215,0.1485019135848717,0.1002921884937747,0.0
14,0.8,0.37970183124145745,0.25042044743104647,0.1801919225563395,0.0
14,1.0,0.5771995855143464,0.42831116815909465,0.33424286947482684,0.0
16,0.0,0.020220289349587153,0.007996205849599137,0.004125474071227016,0.0
16,0.5,0.16594118009310702,0.09359163749732041,0.06077160325138719,0.0
16,0.65,0.2857863067254713,0.17883070856636243,0.12441218315820077,0.0
16,0.8,0.43605177792522404,0.3012428341825702,0.2241212013400407,0.0
16,1.0,0.6474486763606194,0.5042904476778227,0.4081134137444095,0.0
18,0.0,0.01981583788155712,0.007911740565097787,0.004105296615991996,0.23576489689298308
18,0.5,0.18705614986401867,0.10895291764576105,0.0723372689509642,0.07923432781716028
18,0.65,0.32375465375343937,0.21020816458588779,0.15011092179689922,0.03732895450517942
18,0.8,0.48979002050069814,0.35218169721421616,0.269749864076989,0.014447329893151686
18,1.0,0.708729748275769,0.5747707028039456,0.479716672205169,0.00300015210309923
20,0.0,0.019433470943074235,0.00782372050332709,0.0040799258410576505,0.3361659769577432
20,0.5,0.2083562969751825,0.12489566325327423,0.08459377562401542,0.10418616582102538
20,0.65,0.36121197753188733,0.24233166671245765,0.17713172345990588,0.04637021173192547
20,0.8,0.5404999626769651,0.40247244939277815,0.3162785286280373,0.016686671779226572
20,1.0,0.7613618472628735,0.6387777610285778,0.5473870660475149,0.0030645268716733816
22,0.0,0.019071327114869797,0.007734017252216574,0.0040509655860438394,0.4017205337172913
22,0.5,0.2297794336578468,0.14135658494700504,0.09749334164100118,0.11497938584349165
22,0.65,0.3979437716050924,0.2749250587861374,0.20522691684433111,0.048354782876327496
22,0.8,0.5879166401082005,0.45149232227042896,0.3629975499335202,0.01617195981277414
22,1.0,0.8059665363822749,0.6958778027978988,0.6100038835822467,0.002620945313565423
24,0.0,0.01872779470821233,0.007643897248006633,0.004019549253310348,0.45036394976290556
24,0.5,0.2512672737458888,0.1582749888536018,0.11098872960347411,0.11918138524416871
24,0.65,0.43377133904042736,0.30773791340558165,0.23415976523032928,0.0473633627753387
24,0.8,0.6318985945968153,0.49874892399401494,0.4092918875038312,0.014713369810951848
24,1.0,0.8433313034546531,0.7460420773281491,0.666911564805902,0.0021000347023126514
26,0.0,0.018401434222740373,0.007554221805398195,0.003986492161829495,0.48872027263296447
26,0.5,0.272765224404499,0.1755925311216549,0.12503314976949256,0.11969458735641053
26,0.65,0.46854825925467997,0.34054489457355047,0.26370614636247663,0.04494660887645762
26,0.8,0.6724034085863884,0.5438674409732002,0.45464164333124013,0.012961065179313237
26,1.0,0.8743117516965193,0.7895289391902448,0.7178314375048335,0.0016261478972142292
28,0.0,0.018090944391313427,0.007465576079574288,0.003952388838481622,0.5201172706550263
28,0.5,0.2942222810000651,0.1932531117009239,0.13958027500190354,0.1179864110502956
28,0.65,0.5021571771275692,0.37314504457554815,0.29365590521852847,0.04185813898462529
28,0.8,0.7094665010622824,0.5865771342052745,0.49861927460034566,0.011197336622533081
28,1.0,0.8997645778185549,0.8267859777583193,0.7627751554209532,0.0012328105864976094
30,0.0,0.017795143832535592,0.0073783541737145256,0.003917677280562635,0.5464945742114355
30,0.5,0.31559095621143585,0.2112028410245824,0.15458431598850828,0.11489981739258043
30,0.65,0.5345068122334511,0.40536093354226727,0.3238138597115763,0.038503827045313035
30,0.8,0.7431829122909127,0.6266977115820709,0.5408843770914507,0.009548728635794054
30,1.0,0.9205042714441114,0.858372266261258,0.8019659864638127,0.0009211168731683955
32,0.0,0.017512958463940673,0.007292816440692417,0.0038826825601446274,0.5690892442835773
32,0.5,0.3368272148351305,0.22939004342553973,0.17000012732597422,0.11095624031415299
32,0.65,0.56552914869871,0.4370376614729331,0.3540004707140096,0.03511282332726481
32,0.8,0.7736918345941464,0.6641260443080869,0.5811768073738768,0.008067424337080669
32,1.0,0.9372775270872521,0.8848991218739038,0.8357711082140579,0.0006808936643059109
34,0.0,0.01724341120531216,0.007209128730386946,0.0038476470742127714,0.5887401250760012
34,0.5,0.35789040267669625,0.24776527679289917,0.1857833269953997,0.10649394381797672
34,0.65,0.5951767925414938,0.46804172650799786,0.3840522032605557,0.03181622814715772
34,0.8,0.801163645147991,0.6988235764630181,0.6193087816956775,0.006768220093422384
34,1.0,0.9507504383840172,0.9069869297838842,0.8646459956489164,0.0004991574694721205
36,0.0,0.01698561280457213,0.007127389679485362,0.003812751936008794,0.6060421420126834
36,0.5,0.37874316549387266,0.26628135680529463,0.2018904188568169,0.10173950614338997
36,0.65,0.623420494137155,0.4982597841128414,0.4138216133595157,0.02868766921984934
36,0.8,0.82578919086246,0.730804668489601,0.6551564666576947,0.005646993492859843
36,1.0,0.9615045594186998,0.9252352861036826,0.8890906389636852,0.00036348965724690646
38,0.0,0.016738753441158088,0.007047649934378626,0.0037781323456896,0.6214320642670725
38,0.5,0.39935135742944095,0.2848933789799943,0.21827891160177218,0.09684799050064959
38,0.65,0.6502468370827897,0.5275973254012477,0.44317719704020686,0.025765893847076785
38,0.8,0.8477710734554618,0.7601260230596095,0.6886514646157985,0.004690450227606682
38,1.0,0.9700388182390213,0.940203758363874,0.9096165288808107,0.00026323125526058497
40,0.0,0.016502094985867886,0.006969925844428004,0.003743888796213281,0.6352395227465788
40,0.5,0.41968393948309635,0.30355873472479583,0.23490743034627173,0.09192694464496608
40,0.65,0.675656094593533,0.5559773028244203,0.47200303861010673,0.023068049939180015
40,0.8,0.8673166868412843,0.7868772670259414,0.7197724990793143,0.003881416941831462
40,1.0,0.9767750302110005,0.9524008035739385,0.92672294154893,0.00018973002825817994
42,0.0,0.016274963941719584,0.006894209309877076,0.003710095345087938,0.6477189922569107
42,0.5,0.43971286978609386,0.322237119350992,0.25173581851039795,0.0870514265500682
42,0.65,0.6996602539956744,0.583338729505392,0.5001982933786712,0.020597811060354146
42,0.8,0.8846327695983373,0.811172704927623,0.7485375212520307,0.0032017322363422514
42,1.0,0.9820653814408548,0.9622787213095134,0.94088091983164,0.00013619522898939348
44,0.0,0.01605674501194644,0.006820474920145455,0.003676805788501106,0.6590706968720104
44,0.5,0.45941298689300775,0.34089053108405887,0.2687252286917129,0.08227376750144524
44,0.65,0.7222812074289119,0.6096352756078487,0.5276765377617192,0.018350496090079188
44,0.8,0.8999212496382941,0.8331442159597598,0.7749963887918578,0.002633794940065874
44,1.0,0.9862007442043662,0.9702328861765213,0.9525233865931864,9.741542717776404e-05
46,0.0,0.015846875294084607,0.006748685166503511,0.003644058315384175,0.6694547513267628
46,0.5,0.4787618878233438,0.35948326091085897,0.2858382019125027,0.07763011062423576
46,0.65,0.743549105636191,0.6348338820066272,0.5543650168126847,0.016316364949910796
46,0.8,0.9133761766288776,0.8529352353871323,0.7992242105778977,0.0021613455093304227
46,1.0,0.9894190638735311,0.9766038590205987,0.9620399664437072,6.945486939081062e-05
48,0.0,0.01564483905809306,0.006678794256320974,0.0036118790465210922,0.6790010052254971
48,0.5,0.4977398022304721,0.37798187318847654,0.3030387350754779,0.0731449015073268
48,0.65,0.763500869843709,0.658913407858631,0.5802038161568669,0.014482771041417774
48,0.8,0.9251815574268913,0.870695740462759,0.8213154055975922,0.0017698060092862773
48,1.0,0.9919133381860022,0.9816812961814911,0.9697752842159398,4.937689332051028e-05
50,0.0,0.015450163066757899,0.006610750928629529,0.0035802847463206207,0.6878160651918237
50,0.5,0.5163294640089198,0.3963551778185323,0.32029233675318686,0.06883403868045639
50,0.65,0.7821788554357102,0.681863326152753,0.6051449821711913,0.012835578091113957
50,0.8,0.935509930396998,0.8865781489873067,0.8413784885887698,0.0014463678132463824
50,1.0,0.9938389134130594,0.9857088505825343,0.9760297165534274,3.50109416336646e-05
52,0.0,0.015262412391862448,0.006544500523712347,0.0035492849177236525,0.6959884106373226
52,0.5,0.5345159815000684,0.4145741942728706,0.33756607175575215,0.06470712446332387
52,0.65,0.7996296600361847,0.7036824776478393,0.6291516113218127,0.011360093674567157
52,0.8,0.9445215348668083,0.9007340322910456,0.859531568468711,0.001179938986826246
52,1.0,0.9953199646492025,0.9888894844741647,0.9810617753935621,2.4764932842875494e-05
54,0.0,0.015081186678908967,0.006479986510311461,0.0035188834245138095,0.7035921899391946
54,0.5,0.5522867073173634,0.43261210834891467,0.354828594746019,0.06076909845513734
54,0.65,0.8159030678041943,0.7243778914776079,0.652196926305833,0.010041679871933551
54,0.8,0.952363951514798,0.9133115438301715,0.8758985260794059,0.0009610182743636064
54,1.0,0.9964551235144626,0.9913907940230663,0.9850914859655927,1.7478484742229356e-05
56,0.0,0.014906116814603255,0.0064171516082288365,0.003489079762073477,0.7106900835447529
56,0.5,0.5696311086819839,0.450444222352039,0.3720501737968969,0.057021439123009894
56,0.65,0.8310511212019687,0.7439636780997223,0.6742633544939666,0.008866145526422507
56,0.8,0.9591721077595736,0.92445346708886,0.8906058249996213,0.0007815356788851858
56,1.0,0.9973222779894184,0.9933500852174305,0.9883042811680808,1.2310399531017535e-05
58,0.0,0.014736861954031809,0.006355938609550085,0.003459870051355211,0.717335494796143
58,0.5,0.5865406390404625,0.46804789947938635,0.38920270427826514,0.05346305804085714
58,0.65,0.8451273111757536,0.7624599982758231,0.6953416210159211,0.007819989500653544
58,0.8,0.9650685589457876,0.9342957916996175,0.9037799005570422,0.0006346832567013445
58,1.0,0.9979826054903717,0.994879045017486,0.9908550666092198,8.653694031646953e-06
60,0.0,0.014573106867860362,0.006296290974248387,0.003431247822331145,0.7235742482120116
60,0.5,0.603008611627124,0.4854025031669773,0.4062597138855338,0.050090972063674626
60,0.65,0.8581858765666254,0.7798921099999709,0.7154298669514748,0.006890541814017372
60,0.8,0.9701639711642586,0.9429667335101796,0.9155450681569256,0.0005147496884940746
60,1.0,0.9984839191219816,0.9960679274948006,0.9928722174010643,6.0721672227093934e-06
62,0.0,0.014414559573549287,0.006238153256359451,0.003403204632777649,0.7294459214602858
62,0.5,0.619030075536106,0.5024893321416276,0.423196359468902,0.04690081285510132
62,0.65,0.8702812036101913,0.7962894938066969,0.7345328008225329,0.00606603478705124
62,0.8,0.9745577448622519,0.9505861220986291,0.9260218906511108,0.0004169659824441078
62,1.0,0.9988634140014971,0.9969892277438244,0.9944613511452619,4.253479228198795e-06
64,0.0,0.014260949218246355,0.0061814714026629984,0.003375730558381968,0.7349849011935901
64,0.5,0.6346016947793225,0.5192915518888876,0.43998941636706246,0.04388721581613918
64,0.65,0.8814673165600732,0.8116850556576238,0.7526608897701775,0.00533562646214127
64,0.8,0.9783387300279709,0.9572650874346155,0.9353259454902078,0.0003373658490262699
64,1.0,0.9991498998420186,0.9977008517856074,0.995708784731842,2.9747041722679775e-06
66,0.0,0.014112024184524811,0.0061261929553403675,0.0033488145816858252,0.7402212281502465
66,0.5,0.6497216307272794,0.5357941232112835,0.4566172609368734,0.04104411859578548
66,0.65,0.8917974507528091,0.826114405603778,0.7698295951564558,0.004689391876259342
66,0.8,0.9815859937549166,0.9631059856075547,0.9435669350167866,0.0002726619711879464
66,1.0,0.9993656006483776,0.9982488128914502,0.9966846289230342,2.077199801478196e-06
68,0.0,0.013967550393394236,0.006072267182337689,0.003322444901125647,0.7451812796212596
68,0.5,0.6643894282583727,0.551983728510024,0.4730598469552662,0.03836499112918654
68,0.65,0.9013236997966921,0.8396152096249914,0.7860586558992085,0.0041182931491010695
68,0.8,0.9843696095234366,0.9682025115069751,0.9508480869854559,0.00022013802513832462
68,1.0,0.9995275945463701,0.9986694973082587,0.9974455074660163,1.4483725234267688e-06
70,0.0,0.013827309781983061,0.006019645153403753,0.0032966091766951458,0.7498883251090949
70,0.5,0.6786059058783452,0.5678486963798438,0.4892986765487135,0.03584301335217796
70,0.65,0.9100967289925873,0.8522266114343152,0.8013714216121806,0.003614136131182827
70,0.8,0.9867514447136534,0.9726399538496566,0.9572657968170875,0.00017755553766140143
70,1.0,0.9996489578763241,0.9989915481033181,,1.0085075729594225e-06
72,0.0,0.013691098934950966,0.005968279775456221,0.003271294725148454,0.7543629821731148
72,0.5,0.6923730500049331,0.583378925062055,0.5053167662804721,0.033471212606983464
72,0.65,0.9181655475582908,0.8639887205810404,0.8157942365679749,0.0031695190855908625
72,0.8,0.9887859288287085,0.9764955548777488,0.9629094678816275,0.00014307427364121066
72,1.0,0.9997396686714529,0.9992374169535816,,7.012963979620988e-07
74,0.0,0.013558727857583469,0.005918125797682103,0.0032464886748943557,0.7586235930207494
74,0.5,0.7056939136232917,0.5985658052561388,0.5210986089976033,0.03124256976967721
74,0.65,0.9255773327491202,0.8749421628691284,0.8293558746132127,0.0027777772603946385
74,0.8,0.9905207898109352,0.9798389433317909,0.9678615110056534,0.000115184689588405
74,1.0,0.9998073160826947,0.9994246318301185,,4.870482169936425e-07
76,0.0,0.013430018862600947,0.005869139794318221,0.003222178088596124,0.7626865376572685
76,0.5,0.7185725193014013,0.6134021427459689,0.5366301320094862,0.029150100951579494
76,0.65,0.9323772993990214,0.8851276889084178,0.8420870244284415,0.002432926049409164
76,0.8,0.9919977497885373,0.9827326149044813,0.9721974692300074,9.265097322398385e-05
76,1.0,0.9998576545214716,,0.9991221613096286,3.378411352246253e-07
78,0.0,0.013304805572494484,0.005821280131189336,0.0031983500598331003,0.7665664958682565
78,0.5,0.7310137667796106,0.6278820812537075,0.5518986521378233,0.027186920019756852
78,0.65,0.9386086090349021,0.8945858365155247,0.854019823924752,0.00212960460315818
78,0.8,0.9932531747877366,0.9852324393081021,0.9759862384652973,7.446325612890183e-05
78,1.0,0.9998950344170945,0.9996745602165087,,2.3406897434808513e-07
80,0.0,0.01318293201475296,0.0057745069206535955,0.0031749917888858306,0.7702766676434569
80,0.5,0.74302334506477,0.6420010258926836,0.566892828145647,0.02534628598463935
80,0.65,0.9443123131090738,0.9033566426632089,0.8651874420900812,0.0018630211472451547
80,0.8,0.9943186754186106,0.987388177365638,0.9792903590177829,5.979769791886214e-05
80,1.0,0.9999227355558216,,0.9994925560899863,1.6198876498854722e-07
82,0.0,0.013064251803464237,0.005728781968512129,0.003152090641690976,0.7738289596239463
82,0.5,0.7546076490679001,0.655755567550645,0.5816026110199436,0.02362163840264458
82,0.65,0.9495273254486319,0.9114794007261918,0.8756237062265895,0.0016289008274081483
82,0.8,0.9952216574840413,0.9892439952025605,0.9821663569284105,4.798327211980745e-05
82,1.0,0.9999432239501275,,0.9996154372984755,1.11983290842433e-07
84,0.0,0.01294862739741408,0.005684068715599402,0.0031296341952118663,0.7772341435999326
84,0.5,0.7657737007529413,0.6691434084967429,0.5960191925497484,0.022006623258991255
84,0.65,0.9542904194729724,0.9189924588747694,0.8853627722431029,0.001423436583750684
84,0.8,0.9959858229131653,0.9908389657219769,0.9846651176536189,3.8474220841915255e-05
84,1.0,0.9999583490016518,0.9998636329281213,,7.733305714648893e-08
86,0.0,0.012835929426526341,0.005640332175783659,0.003107610271836866,0.7805019918840084
86,0.5,0.7765290747461926,0.6821632894623841,0.6101349526090875,0.020495111273793224
86,0.65,0.958636246183429,0.9259330556105432,0.8944388354707745,0.0012432433284487515
86,0.8,0.9966316224901679,0.9922075501437735,0.9868322778085933,3.082727844244713e-05
86,1.0,0.9999694942757944,,,5.335019092564834e-08
88,0.0,0.012726036079446485,0.005597538873818464,0.0030860069649135398,0.7836413934474367
88,0.5,0.7868818283354239,0.6948149184591365,0.6239434055223054,0.019081210172133153
88,0.65,0.9625973693540223,0.9323371886355929,0.9028858793444625,0.001085315538142828
88,0.8,0.9971766626039701,0.9933800545378597,0.988708623497525,2.468288852969878e-05
88,1.0,0.9999776923997586,0.9999243505370133,0.9998346470535429,3.6768833430348026e-08
90,0.0,0.012618832547638712,0.005555656779896427,0.0030648126571248026,0.7866604539712061
90,0.5,0.7968404357840368,0.7070989014332942,0.6374391458583007,0.017759272146385372
90,0.65,0.9662043147542182,0.9382395133948745,0.9107374592261372,0.0009469882571380482
90,0.8,0.9976360687479402,0.9943830580227208,0.9903304861877216,1.9749751335127787e-05
90,1.0,,,,2.531687691393931e-08
92,0.0,0.012514210509994803,0.005514655247168604,0.003044016033090411,0.789566582381859
92,0.5,0.8064137267719129,0.7190166750337535,0.6506177939701133,0.016523897494761065
92,0.65,0.9694856305782198,0.9436732679338409,0.9180265186304112,0.0008259014279076515
92,0.8,0.9980228088007843,0.995239810718962,0.9917301291688148,1.5792138727555736e-05
92,1.0,,0.9999583257844411,0.9999066992428228,1.7415635819113803e-08
94,0.0,0.012412067679664778,0.0054745049491017085,0.0030236060873186205,0.7923665659792918
94,0.5,0.8156108290651692,0.7305704415472795,0.663475941567325,0.015369935227769645
94,0.65,0.9724679566794985,0.948670220860935,0.9247852351373446,0.0007199674119623061
94,0.8,0.9983479792786165,0.9959706006440313,0.9929361194031798,1.2619502018303815e-05
94,1.0,0.999991355376085,0.9999691459293739,,1.1969589235870655e-08
96,0.0,0.012312307370631178,0.00543517781856724,0.00300357212842347,0.795066635893231
96,0.5,0.8244411149766363,0.7417631061407165,0.6760110975809959,0.014292481281989728
96,0.65,0.9751761003791346,0.953260639482744,0.9310448933363097,0.0006273415300253231
96,0.8,0.9986210577668891,0.9965930896006191,0.9939736810496356,1.0077973851496992e-05
96,1.0,0.999993715641764,,0.9999477305719533,8.219416317240884e-09
98,0.0,0.012214838112511513,0.005396646988771342,0.0029839037801179984,0.7976725243068001
98,0.5,0.832914151747765,0.7525982164912732,0.6882216345454486,0.013286874859199783
98,0.65,0.9776331170602499,0.957473275397577,0.9368357822269331,0.0005463954305053546
98,0.8,0.9988501247029399,0.9971226187575253,0.9948650281605536,8.0434308483209e-06
98,1.0,0.9999954377633994,,,5.63942761231219e-09
100,0.0,0.012119573293658422,0.005358886736251206,0.002964590980912228,0.8001895146441123
100,0.5,0.8410396555762006,0.7630799048693436,0.7001067357543618,0.012348693311700843
100,0.65,0.9798603939120076,0.9613353650644857,0.9421871146300685,0.00047569308563586365
100,0.8,0.9990420575523358,0.997572485096633,0.995629675046836,6.415839378034535e-06
100,1.0,0.9999966924092843,0.9999875968245645,,3.8660843677370206e-09
102,0.0,0.01202643083403199,0.005321872426081215,0.002945623979926657,0.8026224857268718
102,0.5,0.8488274491803464,0.7732128327188685,0.7116663432592484,0.011473745916764897
102,0.65,0.9818777354680182,0.9648726430879236,0.9471269662236786,0.0004139692124868796
102,0.8,0.9992027002673155,0.9979541902315093,0.9962847235925563,5.114653993714525e-06
102,1.0,0.9999976051560464,,0.9999783570426068,2.648251945420204e-09
104,0.0,0.01193533288453053,0.005285580459369001,0.0029269933330990376,0.8049759507132652
104,0.5,0.8562874227470202,0.7830021377625239,0.7229011070176158,0.010658066817043954
104,0.65,0.9837034497833876,0.9681093661731427,0.9516822320462252,0.00036010991900204027
104,0.8,0.9993370107273476,0.9982776633197779,,4.075077789372138e-06
104,1.0,,0.9999932945999052,,1.8126246786363455e-09
106,0.0,0.011846205550302268,0.005249988223073071,0.00290868989737632,0.8072540915908828
106,0.5,0.8634294981105742,0.7924533836430651,0.7338123352279134,0.00989790736032903
106,0.65,0.9853544342839619,0.9710683459124374,0.9558785983587309,0.00031313538234900383
106,0.8,0.9994491886592777,0.9985514599161989,0.9973239334213788,3.2450272391590153e-06
106,1.0,,0.9999950802580159,0.9999880712648884,1.239725680724211e-09
108,0.0,0.011758978635821428,0.005215074042921522,0.002890704824202312,0.8094607897395263
108,0.5,0.8702635960108935,0.8015725121116679,0.7444019460110972,0.009189728016815413
108,0.65,0.9868462604884275,0.9737709887593563,0.9597405279527937,0.00027218437533849674
108,0.8,0.9995427863256329,0.9987829386664804,0.9977325010300165,2.5826718684770666e-06
108,1.0,,,0.9999911640438881,8.472674566664859e-10
110,0.0,0.011673585409743352,0.005180817134694639,0.0028730295523586064,0.8115996531325966
110,0.5,0.8767996062777215,0.810365797663893,0.7546724205347496,0.008530190030545596
110,0.65,0.9881932569515627,0.9762373417085118,0.9632912571197547,0.000236500467991813
110,0.8,0.9996208040613764,0.9989784177380435,0.9980807008818684,2.054442246277288e-06
110,1.0,0.9999993499874383,0.9999973624852987,0.9999934644753552,5.786292635664213e-10
112,0.0,0.01158996238775751,0.005147197565632921,0.0028556558003399765,0.8136740405868037
112,0.5,0.8830473607897192,0.8188398048065931,0.764626757664742,0.007916146925752588
112,0.65,0.989408589906637,0.9784861424340666,0.9665528026422112,0.0002054197424241166
112,0.8,0.9996857725368263,,0.9983770934197238,1.633418961573298e-06
112,1.0,0.9999995322208569,0.9999980726633276,0.9999951728587262,3.948867608849889e-10
114,0.0,0.011508049131838703,0.005114196210248167,0.0028385755584116315,0.8156870834343508
114,0.5,0.8890166090583557,0.8270013476384188,0.7742684302135378,0.007344635967989947
114,0.65,0.9905043411982589,0.9805348726868772,0.969545977309823,0.00017835987116789233
114,0.8,0.9997398234310543,0.9992822586412259,0.9986290891232478,1.2980311108463715e-06
114,1.0,,0.999998593427386,0.9999964396186785,2.6930480986095855e-10
116,0.0,0.011427788064457298,0.005081794711486194,0.0028217810804679944,0.8176417049352867
116,0.5,0.8947169962891212,0.8348574518970258,0.7836013428395524,0.006812869660295672
116,0.65,0.9914915831953319,0.9823998140044616,0.9722904125977593,0.0001548104208469379
116,0.8,0.999784750018224,,0.9988430915945151,1.0310059055952044e-06
116,1.0,0.9999997585600403,0.9999989747703233,,1.8353620351564855e-10
118,0.0,0.01134912429645247,0.005049975444216049,0.002805264875790016,0.8195406377033381
118,0.5,0.9001580437755088,0.8424153193644013,0.7926297916385531,0.006318227338665022
118,0.65,0.9923804504586379,0.9840961048609476,0.9748045872770713,0.00013432425464102282
118,0.8,0.9998220590003983,,,8.185217751167342e-07
118,1.0,,0.9999992536428373,,1.2500055227923835e-10
120,0.0,0.011272005467399327,0.005018721479907557,0.0027890197007788267,0.8213864393811092
120,0.5,0.9053491314846495,0.8496822945534085,0.8013584254557176,0.005858246917858601
120,0.65,0.9931802080102314,0.9856377985159408,0.9771058608508926,0.0001165099180609814
120,0.8,0.9998530147650273,,0.9991784464509696,6.495261796994843e-07
120,1.0,0.9999998759239856,,0.9999985827951439,8.507870365211244e-11
122,0.0,0.011196381597414722,0.004988016553329445,0.00277303855116972,0.8231815067687684
122,0.5,0.9102994826973392,0.8566658336260341,0.8097922089492892,0.005430616827572649
122,0.65,0.9938993161135912,0.9870379209368572,0.9792105108306002,0.00010102490306777535
122,0.8,0.9998786771037843,,,5.151865938532565e-07
122,1.0,,,,5.787013307654634e-11
124,0.0,0.011122204949446485,0.004957845030999195,0.0027573146521261698,0.8249280885833703
124,0.5,0.9150181505693751,0.8633734754704271,0.8179363873316305,0.005033168169857184
124,0.65,0.9945454915255074,0.9883085282640757,0.9811337729587691,8.756969544694447e-05
124,0.8,0.9998999333013968,,0.9994187383373953,4.0844904510922173e-07
124,1.0,0.9999999365026028,0.9999997140851701,0.999999238014506,3.933856283241047e-11
126,0.0,0.011049429901182909,0.004928191881298148,0.002741841452894475,0.8266282970029499
126,0.5,0.9195140064855757,0.8698128148632901,0.8257964529905172,0.004663867121076045
126,0.65,0.9951257652240734,0.9894607633773589,0.9828898836425941,7.58825195547793e-05
126,0.8,0.9999175253880956,0.9997563149948242,,3.236834330032867e-07
126,1.0,0.999999954644061,,,2.6725040731377127e-11
128,0.0,0.01097801282579838,0.004899042646166455,0.00272661261727032,0.828284118129839
128,0.5,0.9237957300825209,0.8759914776413256,0.8333781137085611,0.004320807595395378
128,0.65,0.9956465366529157,0.9905049112008505,0.9844921238662778,6.573470307297887e-05
128,0.8,0.9999320732465807,,0.9995902024509531,2.5639879812341156e-07
128,1.0,0.999999967634158,,0.9999995922924845,1.8145102170675546e-11
130,0.0,0.010907911980825302,0.004870383414295749,0.0027116220160620977,0.829897421490777
130,0.5,0.9278718008208678,0.8819170978032858,0.8406872626557134,0.004002204181559432
130,0.65,0.9961136245508719,0.991450452453896,0.9859528640281555,5.692659225035667e-05
130,0.8,0.9999440941731376,0.9998311213844487,,2.0301492283582403e-07
130,1.0,,,0.9999997022958365,1.231251291330995e-11
132,0.0,0.010839087404505164,0.004842200795739303,0.002696863719921627,0.8314699686768823
132,0.5,0.931750490993025,0.8875972964626827,0.8477299500773823,0.0037063853603843465
132,0.65,0.996532314459534,0.9923061156166012,0.98728360918008,4.928395529259579e-05
132,0.8,,,,1.6067925620639428e-07
132,1.0,,0.9999999216905621,,8.349973880776185e-12
134,0.0,0.010771500819032671,0.004814481897863199,0.0026823319919844235,0.8330034212140132
134,0.5,0.9354398600569765,0.8930396625702592,0.854512356632416,0.003431787006829244
134,0.65,0.9969074030192143,0.9930799269331158,0.9884950442289564,4.265481811173327e-05
134,0.8,0.9999622081097745,0.9998833261277399,,1.2712027527841452e-07
134,1.0,,0.9999999434988488,0.999999841810078,5.659517346257336e-12
136,0.0,0.010705115540157007,0.004787214302564738,0.0026680212808267564,0.8344993477432434
136,0.5,0.9389477501920563,0.8982517353249556,0.8610407683609629,0.0031769461775700528
136,0.65,0.9972432391776206,0.9937792583227266,0.9895970787316958,3.690668259976852e-05
136,0.8,0.9999689590788214,0.9999031313013177,,1.0053011352374785e-07
136,1.0,0.9999999916860569,,,3.833840953446453e-12
138,0.0,0.010639896392652887,0.004760386044688397,0.0026539262136472583,0.8359592305817869
138,0.5,0.9422817829775201,0.9032409881921514,0.8673215532402119,0.00294049518260139
138,0.65,0.9975437624455016,0.9944108731096241,0.9905988909718062,3.1924082982389055e-05
138,0.8,0.999974520695337,0.999919633552539,,7.947067914280568e-08
138,1.0,,0.9999999706759043,0.9999999163115297,2.5956946930447695e-12
140,0.0,0.010575809631216009,0.004733985591572245,0.002640041589675697,0.8373844717265637
140,0.5,0.9454493570997335,0.908014814448444,0.8733611392852219,0.002721155937444551
140,0.65,0.997812538340273,0.9949809695172103,0.9915089710602133,2.7606440678209818e-05
140,0.8,0.9999790992214302,0.9999333725481655,0.9998592319160928,6.279861180856129e-08
140,1.0,,0.999999978905685,0.9999999392261459,1.7564759154992362e-12
142,0.0,0.010512822866376557,0.004708001823661727,0.0026263623738092133,0.838776398355509
142,0.5,0.948457646998752,0.912580514173091,0.8791659941489991,0.0025177345909726074
142,0.65,0.9980527911626758,0.9954952219026744,0.9923351628509625,2.386618247520098e-05
142,0.8,0.9999828657906267,,0.9998825194626834,4.960533625543429e-08
142,1.0,0.999999997028232,,,1.1879658990519475e-12
144,0.0,0.010450904995058432,0.0046824240161306525,0.0026128836904748716,0.8401362678755215
144,0.5,0.9513136023699065,0.9169452826073888,0.8847426061734223,0.0023291164226176314
144,0.65,0.9982674342532749,0.9959588197327464,,2.0627090777853476e-05
144,0.8,0.9999859622650227,0.9999543024086782,,3.916920552595761e-08
144,1.0,,0.9999999891156889,,8.030506026613717e-13
146,0.0,0.010390026135443929,0.004657241821452819,0.0025996008177158617,0.8414652725605569
146,0.5,0.9540239484407862,0.9211161998047378,0.890097466840574,0.0021542610017504624
146,0.65,0.9984590978754748,0.9963765043225892,0.9937642675739279,1.782285821355516e-05
146,0.8,0.9999885061403526,0.9999621935839528,0.9999183568364327,3.091731893162433e-08
146,1.0,0.9999999985095586,0.9999999921925217,,5.425788540590922e-13
148,0.0,0.010330157565831471,0.004632445252870306,0.002586509181497492,0.8427645438186069
148,0.5,0.9565951869486463,0.925100221495808,0.8952370545724718,0.001992197601276478
148,0.65,0.9986301548700508,0.9967526033771499,0.9943799945050545,1.5395822050483976e-05
148,0.8,0.9999905946489597,,0.9999320134331876,2.439507692634197e-08
148,1.0,,,,3.6641020282858163e-13
150,0.0,0.010271271667200512,0.004608024668708128,0.002573604350228519,0.8440351561221477
150,0.5,0.9590335977477917,0.9289041710951392,0.900167819826008,0.001842020856936743
150,0.65,0.9987827442232564,0.9970910633883904,,1.329585670593149e-05
150,0.8,0.9999923081879569,,0.9999434258860516,1.9241919150354693e-08
150,1.0,,0.9999999959936331,0.9999999879110729,2.473207806333111e-13
