K,N,n_por_grupo,D,R2,d_h,power_bf4,power_bf6,power_bf10
5,40,20,0.0,0.0,0.0,0.01125,0.00725,0.00275
5,40,20,0.5,0.058823529411764705,0.0,0.05425,0.038,0.0265
5,40,20,0.65,0.09553420011305823,0.0,0.091,0.06525,0.0425
5,40,20,0.7,0.10913140311804007,0.0,0.10575,0.0815,0.0525
5,40,20,0.8,0.13793103448275862,0.0,0.16675,0.1275,0.08875
5,40,20,1.0,0.2,0.0,0.2935,0.24075,0.1815
5,48,24,0.0,0.0,0.0,0.01,0.00625,0.00475
5,48,24,0.5,0.058823529411764705,0.0,0.056,0.04275,0.031
5,48,24,0.65,0.09553420011305823,0.0,0.10425,0.07975,0.059
5,48,24,0.7,0.10913140311804007,0.0,0.1355,0.10375,0.072
5,48,24,0.8,0.13793103448275862,0.0,0.20475,0.15825,0.11225
5,48,24,1.0,0.2,0.0,0.39125,0.33325,0.2755
5,60,30,0.0,0.0,0.0,0.00625,0.0035,0.00175
5,60,30,0.5,0.058823529411764705,0.0,0.07525,0.056,0.04025
5,60,30,0.65,0.09553420011305823,0.0,0.15125,0.12,0.08975
5,60,30,0.7,0.10913140311804007,0.0,0.16825,0.136,0.1015
5,60,30,0.8,0.13793103448275862,0.0,0.2735,0.2305,0.17825
5,60,30,1.0,0.2,0.0,0.51975,0.457,0.38325
5,72,36,0.0,0.0,0.0,0.0065,0.0045,0.00325
5,72,36,0.0,0.0,0.3,0.02375,0.0155,0.00875
5,72,36,0.5,0.058823529411764705,0.0,0.07125,0.05475,0.0375
5,72,36,0.5,0.058823529411764705,0.3,0.1295,0.1035,0.07675
5,72,36,0.65,0.09553420011305823,0.0,0.18325,0.1455,0.10925
5,72,36,0.65,0.09553420011305823,0.3,0.25775,0.21375,0.175
5,72,36,0.7,0.10913140311804007,0.0,0.23875,0.1965,0.15075
5,72,36,0.7,0.10913140311804007,0.3,0.317,0.2665,0.21175
5,72,36,0.8,0.13793103448275862,0.0,0.34,0.29375,0.2415
5,72,36,0.8,0.13793103448275862,0.3,0.466,0.4115,0.34275
5,72,36,1.0,0.2,0.0,0.64375,0.58975,0.51875
5,72,36,1.0,0.2,0.3,0.73025,0.6825,0.621
5,84,42,0.0,0.0,0.0,0.0065,0.005,0.0025
5,84,42,0.5,0.058823529411764705,0.0,0.0865,0.07125,0.05275
5,84,42,0.65,0.09553420011305823,0.0,0.227,0.1915,0.14825
5,84,42,0.7,0.10913140311804007,0.0,0.296,0.2535,0.1975
5,84,42,0.8,0.13793103448275862,0.0,0.415,0.36225,0.3025
5,84,42,1.0,0.2,0.0,0.734,0.69075,0.6295
5,100,50,0.0,0.0,0.0,0.00475,0.00375,0.0015
5,100,50,0.5,0.058823529411764705,0.0,0.11525,0.0925,0.06875
5,100,50,0.65,0.09553420011305823,0.0,0.28625,0.24475,0.19975
5,100,50,0.7,0.10913140311804007,0.0,0.3775,0.332,0.27275
5,100,50,0.8,0.13793103448275862,0.0,0.53725,0.49475,0.43025
5,100,50,1.0,0.2,0.0,0.83075,0.7985,0.75075
5,120,60,0.0,0.0,0.0,0.00525,0.00325,0.00225
5,120,60,0.5,0.058823529411764705,0.0,0.15175,0.12525,0.1025
5,120,60,0.65,0.09553420011305823,0.0,0.37,0.3245,0.2695
5,120,60,0.7,0.10913140311804007,0.0,0.47725,0.4255,0.36575
5,120,60,0.8,0.13793103448275862,0.0,0.649,0.60625,0.54675
5,120,60,1.0,0.2,0.0,0.91475,0.89675,0.86675
5,160,80,0.0,0.0,0.0,0.002,0.0015,0.00125
5,160,80,0.5,0.058823529411764705,0.0,0.219,0.18575,0.15275
5,160,80,0.65,0.09553420011305823,0.0,0.51775,0.4765,0.42325
5,160,80,0.7,0.10913140311804007,0.0,0.64325,0.5995,0.5445
5,160,80,0.8,0.13793103448275862,0.0,0.81225,0.7785,0.735
5,160,80,1.0,0.2,0.0,0.9825,0.97525,0.96775
5,200,100,0.0,0.0,0.0,0.00175,0.0015,0.001
5,200,100,0.5,0.058823529411764705,0.0,0.30375,0.27575,0.2325
5,200,100,0.65,0.09553420011305823,0.0,0.6745,0.632,0.57025
5,200,100,0.7,0.10913140311804007,0.0,0.77125,0.73975,0.70075
5,200,100,0.8,0.13793103448275862,0.0,0.92775,0.91125,0.8855
5,200,100,1.0,0.2,0.0,0.9965,0.99525,0.9935
5,240,120,0.0,0.0,0.0,0.0015,0.00075,0.0005
5,240,120,0.5,0.058823529411764705,0.0,0.3985,0.36125,0.3065
5,240,120,0.65,0.09553420011305823,0.0,0.7755,0.74475,0.70375
5,240,120,0.7,0.10913140311804007,0.0,0.87,0.84575,0.813
5,240,120,0.8,0.13793103448275862,0.0,0.96425,0.956,0.9455
5,240,120,1.0,0.2,0.0,0.99925,0.99925,0.999
5,280,140,0.0,0.0,0.0,0.0005,0.0,0.0
5,280,140,0.5,0.058823529411764705,0.0,0.47925,0.44075,0.38975
5,280,140,0.65,0.09553420011305823,0.0,0.873,0.84975,0.81775
5,280,140,0.7,0.10913140311804007,0.0,0.94075,0.92175,0.9035
5,280,140,0.8,0.13793103448275862,0.0,0.988,0.98375,0.97975
5,280,140,1.0,0.2,0.0,1.0,1.0,1.0
5,320,160,0.0,0.0,0.0,0.0005,0.00025,0.00025
5,320,160,0.5,0.058823529411764705,0.0,0.57,0.5265,0.47375
5,320,160,0.65,0.09553420011305823,0.0,0.9205,0.9035,0.87975
5,320,160,0.7,0.10913140311804007,0.0,0.96625,0.95675,0.94575
5,320,160,0.8,0.13793103448275862,0.0,0.996,0.99425,0.99225
5,320,160,1.0,0.2,0.0,1.0,1.0,1.0
10,40,20,0.0,0.0,0.0,0.01175,0.00625,0.003
10,40,20,0.5,0.058823529411764705,0.0,0.026,0.018,0.0115
10,40,20,0.65,0.09553420011305823,0.0,0.04325,0.03125,0.01875
10,40,20,0.7,0.10913140311804007,0.0,0.052,0.0375,0.02275
10,40,20,0.8,0.13793103448275862,0.0,0.08075,0.06,0.0425
10,40,20,1.0,0.2,0.0,0.154,0.1185,0.08525
10,48,24,0.0,0.0,0.0,0.0055,0.00375,0.00225
10,48,24,0.5,0.058823529411764705,0.0,0.02875,0.01775,0.0105
10,48,24,0.65,0.09553420011305823,0.0,0.05175,0.0385,0.02575
10,48,24,0.7,0.10913140311804007,0.0,0.07025,0.052,0.0345
10,48,24,0.8,0.13793103448275862,0.0,0.09775,0.07375,0.05175
10,48,24,1.0,0.2,0.0,0.20375,0.16175,0.1165
10,60,30,0.0,0.0,0.0,0.00675,0.004,0.00225
10,60,30,0.5,0.058823529411764705,0.0,0.03175,0.0235,0.0145
10,60,30,0.65,0.09553420011305823,0.0,0.06125,0.0475,0.036
10,60,30,0.7,0.10913140311804007,0.0,0.09275,0.069,0.049
10,60,30,0.8,0.13793103448275862,0.0,0.13825,0.1095,0.07975
10,60,30,1.0,0.2,0.0,0.28875,0.24375,0.19625
10,72,36,0.0,0.0,0.0,0.003,0.002,0.0015
10,72,36,0.5,0.058823529411764705,0.0,0.03475,0.0275,0.02
10,72,36,0.65,0.09553420011305823,0.0,0.07625,0.0575,0.04275
10,72,36,0.7,0.10913140311804007,0.0,0.11725,0.092,0.06775
10,72,36,0.8,0.13793103448275862,0.0,0.17375,0.144,0.1085
10,72,36,1.0,0.2,0.0,0.38575,0.3395,0.2805
10,84,42,0.0,0.0,0.0,0.003,0.00225,0.00175
10,84,42,0.5,0.058823529411764705,0.0,0.0405,0.02975,0.0195
10,84,42,0.65,0.09553420011305823,0.0,0.10775,0.0845,0.0645
10,84,42,0.7,0.10913140311804007,0.0,0.1275,0.10275,0.07725
10,84,42,0.8,0.13793103448275862,0.0,0.221,0.188,0.15075
10,84,42,1.0,0.2,0.0,0.50875,0.455,0.3965
10,100,50,0.0,0.0,0.0,0.00275,0.002,0.00125
10,100,50,0.5,0.058823529411764705,0.0,0.0525,0.038,0.02675
10,100,50,0.65,0.09553420011305823,0.0,0.14225,0.118,0.09925
10,100,50,0.7,0.10913140311804007,0.0,0.184,0.15175,0.1185
10,100,50,0.8,0.13793103448275862,0.0,0.28925,0.25,0.21
10,100,50,1.0,0.2,0.0,0.617,0.56975,0.509
10,120,60,0.0,0.0,0.0,0.00125,0.00075,0.0005
10,120,60,0.5,0.058823529411764705,0.0,0.05575,0.04425,0.03375
10,120,60,0.65,0.09553420011305823,0.0,0.16125,0.1365,0.106
10,120,60,0.7,0.10913140311804007,0.0,0.23625,0.19675,0.1575
10,120,60,0.8,0.13793103448275862,0.0,0.3955,0.3525,0.3025
10,120,60,1.0,0.2,0.0,0.7395,0.701,0.64625
10,160,80,0.0,0.0,0.0,0.0015,0.001,0.00025
10,160,80,0.5,0.058823529411764705,0.0,0.0855,0.07,0.05475
10,160,80,0.65,0.09553420011305823,0.0,0.28,0.24325,0.2035
10,160,80,0.7,0.10913140311804007,0.0,0.36975,0.3325,0.28325
10,160,80,0.8,0.13793103448275862,0.0,0.582,0.5375,0.484
10,160,80,1.0,0.2,0.0,0.9045,0.885,0.85975
10,200,100,0.0,0.0,0.0,0.0005,0.00025,0.00025
10,200,100,0.5,0.058823529411764705,0.0,0.1185,0.1015,0.082
10,200,100,0.65,0.09553420011305823,0.0,0.38675,0.3495,0.301
10,200,100,0.7,0.10913140311804007,0.0,0.50625,0.46825,0.41825
10,200,100,0.8,0.13793103448275862,0.0,0.723,0.69125,0.65425
10,200,100,1.0,0.2,0.0,0.9705,0.963,0.95525
10,240,120,0.0,0.0,0.0,0.00125,0.00075,0.0005
10,240,120,0.5,0.058823529411764705,0.0,0.1595,0.13825,0.11625
10,240,120,0.65,0.09553420011305823,0.0,0.51025,0.472,0.4325
10,240,120,0.7,0.10913140311804007,0.0,0.65175,0.61725,0.57325
10,240,120,0.8,0.13793103448275862,0.0,0.85875,0.8335,0.806
10,240,120,1.0,0.2,0.0,0.992,0.9905,0.98825
10,280,140,0.0,0.0,0.0,0.001,0.00075,0.00025
10,280,140,0.5,0.058823529411764705,0.0,0.2215,0.196,0.1655
10,280,140,0.65,0.09553420011305823,0.0,0.6185,0.579,0.5335
10,280,140,0.7,0.10913140311804007,0.0,0.753,0.7265,0.6865
10,280,140,0.8,0.13793103448275862,0.0,0.92675,0.91225,0.89025
10,280,140,1.0,0.2,0.0,0.99825,0.99725,0.9965
10,320,160,0.0,0.0,0.0,0.0,0.0,0.0
10,320,160,0.5,0.058823529411764705,0.0,0.25725,0.23275,0.2025
10,320,160,0.65,0.09553420011305823,0.0,0.726,0.697,0.65525
10,320,160,0.7,0.10913140311804007,0.0,0.841,0.82075,0.79
10,320,160,0.8,0.13793103448275862,0.0,0.96025,0.95375,0.942
10,320,160,1.0,0.2,0.0,0.9995,0.9995,0.9995
14,40,20,0.0,0.0,0.0,0.00825,0.00525,0.00375
14,40,20,0.5,0.058823529411764705,0.0,0.023,0.01475,0.00825
14,40,20,0.65,0.09553420011305823,0.0,0.031,0.02225,0.014
14,40,20,0.7,0.10913140311804007,0.0,0.03675,0.02725,0.019
14,40,20,0.8,0.13793103448275862,0.0,0.05725,0.0435,0.0285
14,40,20,1.0,0.2,0.0,0.09975,0.07225,0.04975
14,48,24,0.0,0.0,0.0,0.00725,0.00425,0.00275
14,48,24,0.5,0.058823529411764705,0.0,0.0185,0.01325,0.00875
14,48,24,0.65,0.09553420011305823,0.0,0.03675,0.0255,0.01775
14,48,24,0.7,0.10913140311804007,0.0,0.04975,0.03575,0.0235
14,48,24,0.8,0.13793103448275862,0.0,0.0625,0.0455,0.03325
14,48,24,1.0,0.2,0.0,0.13175,0.10575,0.07225
14,60,30,0.0,0.0,0.0,0.00425,0.0025,0.0005
14,60,30,0.5,0.058823529411764705,0.0,0.021,0.01625,0.01
14,60,30,0.65,0.09553420011305823,0.0,0.04425,0.03375,0.02225
14,60,30,0.7,0.10913140311804007,0.0,0.0535,0.0405,0.02875
14,60,30,0.8,0.13793103448275862,0.0,0.08375,0.064,0.04875
14,60,30,1.0,0.2,0.0,0.19475,0.16025,0.1235
14,72,36,0.0,0.0,0.0,0.006,0.004,0.002
14,72,36,0.5,0.058823529411764705,0.0,0.01975,0.01425,0.00975
14,72,36,0.65,0.09553420011305823,0.0,0.051,0.039,0.028
14,72,36,0.7,0.10913140311804007,0.0,0.06625,0.05275,0.03825
14,72,36,0.8,0.13793103448275862,0.0,0.1185,0.09475,0.07475
14,72,36,1.0,0.2,0.0,0.27275,0.23175,0.18725
14,84,42,0.0,0.0,0.0,0.00225,0.0015,0.00125
14,84,42,0.5,0.058823529411764705,0.0,0.0255,0.01975,0.01675
14,84,42,0.65,0.09553420011305823,0.0,0.06425,0.0525,0.038
14,84,42,0.7,0.10913140311804007,0.0,0.085,0.068,0.0515
14,84,42,0.8,0.13793103448275862,0.0,0.14425,0.11825,0.08625
14,84,42,1.0,0.2,0.0,0.34625,0.30875,0.25975
14,100,50,0.0,0.0,0.0,0.003,0.0015,0.00075
14,100,50,0.5,0.058823529411764705,0.0,0.0285,0.023,0.0155
14,100,50,0.65,0.09553420011305823,0.0,0.083,0.0695,0.053
14,100,50,0.7,0.10913140311804007,0.0,0.117,0.095,0.07525
14,100,50,0.8,0.13793103448275862,0.0,0.186,0.15625,0.12375
14,100,50,1.0,0.2,0.0,0.45875,0.4145,0.3605
14,120,60,0.0,0.0,0.0,0.00125,0.0005,0.0005
14,120,60,0.5,0.058823529411764705,0.0,0.0365,0.02825,0.02125
14,120,60,0.65,0.09553420011305823,0.0,0.10025,0.08475,0.06325
14,120,60,0.7,0.10913140311804007,0.0,0.14025,0.121,0.09975
14,120,60,0.8,0.13793103448275862,0.0,0.25325,0.2235,0.18875
14,120,60,1.0,0.2,0.0,0.581,0.5375,0.49225
14,160,80,0.0,0.0,0.0,0.00025,0.00025,0.00025
14,160,80,0.5,0.058823529411764705,0.0,0.048,0.04225,0.032
14,160,80,0.65,0.09553420011305823,0.0,0.164,0.13925,0.11975
14,160,80,0.7,0.10913140311804007,0.0,0.2385,0.208,0.17225
14,160,80,0.8,0.13793103448275862,0.0,0.41425,0.37925,0.332
14,160,80,1.0,0.2,0.0,0.80125,0.772,0.73175
14,200,100,0.0,0.0,0.0,0.00025,0.00025,0.00025
14,200,100,0.5,0.058823529411764705,0.0,0.0625,0.05075,0.04075
14,200,100,0.65,0.09553420011305823,0.0,0.2355,0.206,0.175
14,200,100,0.7,0.10913140311804007,0.0,0.35775,0.3265,0.286
14,200,100,0.8,0.13793103448275862,0.0,0.57975,0.54275,0.49425
14,200,100,1.0,0.2,0.0,0.912,0.89975,0.8775
14,240,120,0.0,0.0,0.0,0.0,0.0,0.0
14,240,120,0.5,0.058823529411764705,0.0,0.08225,0.071,0.056
14,240,120,0.65,0.09553420011305823,0.0,0.333,0.30425,0.26825
14,240,120,0.7,0.10913140311804007,0.0,0.4665,0.42875,0.38375
14,240,120,0.8,0.13793103448275862,0.0,0.71025,0.68325,0.63975
14,240,120,1.0,0.2,0.0,0.97375,0.96725,0.957
14,280,140,0.0,0.0,0.0,0.0005,0.0005,0.00025
14,280,140,0.5,0.058823529411764705,0.0,0.11575,0.0985,0.07975
14,280,140,0.65,0.09553420011305823,0.0,0.437,0.4055,0.364
14,280,140,0.7,0.10913140311804007,0.0,0.578,0.54325,0.49875
14,280,140,0.8,0.13793103448275862,0.0,0.829,0.805,0.77625
14,280,140,1.0,0.2,0.0,0.9905,0.98825,0.98325
14,320,160,0.0,0.0,0.0,0.00025,0.00025,0.00025
14,320,160,0.5,0.058823529411764705,0.0,0.16,0.13875,0.11525
14,320,160,0.65,0.09553420011305823,0.0,0.55075,0.5205,0.47525
14,320,160,0.7,0.10913140311804007,0.0,0.691,0.66025,0.62875
14,320,160,0.8,0.13793103448275862,0.0,0.9055,0.89125,0.87125
14,320,160,1.0,0.2,0.0,0.998,0.99725,0.99475
20,40,20,0.0,0.0,0.0,0.0085,0.00675,0.00525
20,40,20,0.5,0.058823529411764705,0.0,0.01725,0.012,0.0075
20,40,20,0.65,0.09553420011305823,0.0,0.02625,0.01875,0.011
20,40,20,0.7,0.10913140311804007,0.0,0.0265,0.0185,0.012
20,40,20,0.8,0.13793103448275862,0.0,0.04275,0.032,0.02225
20,40,20,1.0,0.2,0.0,0.0595,0.04275,0.0255
20,48,24,0.0,0.0,0.0,0.0075,0.00475,0.0035
20,48,24,0.5,0.058823529411764705,0.0,0.01375,0.009,0.00625
20,48,24,0.65,0.09553420011305823,0.0,0.026,0.018,0.0125
20,48,24,0.7,0.10913140311804007,0.0,0.03,0.02325,0.015
20,48,24,0.8,0.13793103448275862,0.0,0.04425,0.03475,0.02075
20,48,24,1.0,0.2,0.0,0.071,0.05325,0.03875
20,60,30,0.0,0.0,0.0,0.0045,0.00325,0.0015
20,60,30,0.5,0.058823529411764705,0.0,0.0125,0.00875,0.0065
20,60,30,0.65,0.09553420011305823,0.0,0.02575,0.01925,0.01375
20,60,30,0.7,0.10913140311804007,0.0,0.03325,0.02425,0.014
20,60,30,0.8,0.13793103448275862,0.0,0.05,0.039,0.02625
20,60,30,1.0,0.2,0.0,0.11025,0.0875,0.0655
20,72,36,0.0,0.0,0.0,0.00275,0.002,0.00175
20,72,36,0.5,0.058823529411764705,0.0,0.013,0.00875,0.00725
20,72,36,0.65,0.09553420011305823,0.0,0.03025,0.02325,0.01625
20,72,36,0.7,0.10913140311804007,0.0,0.038,0.0285,0.0205
20,72,36,0.8,0.13793103448275862,0.0,0.06225,0.0505,0.039
20,72,36,1.0,0.2,0.0,0.1515,0.1245,0.097
20,84,42,0.0,0.0,0.0,0.00075,0.0005,0.0005
20,84,42,0.5,0.058823529411764705,0.0,0.01375,0.01125,0.00875
20,84,42,0.65,0.09553420011305823,0.0,0.034,0.0255,0.01725
20,84,42,0.7,0.10913140311804007,0.0,0.04075,0.029,0.02025
20,84,42,0.8,0.13793103448275862,0.0,0.072,0.058,0.04425
20,84,42,1.0,0.2,0.0,0.2,0.1665,0.131
20,100,50,0.0,0.0,0.0,0.001,0.00075,0.0005
20,100,50,0.5,0.058823529411764705,0.0,0.01675,0.01075,0.00775
20,100,50,0.65,0.09553420011305823,0.0,0.042,0.03425,0.0255
20,100,50,0.7,0.10913140311804007,0.0,0.05375,0.0415,0.032
20,100,50,0.8,0.13793103448275862,0.0,0.1005,0.0855,0.0655
20,100,50,1.0,0.2,0.0,0.279,0.23975,0.20175
20,120,60,0.0,0.0,0.0,0.00075,0.00025,0.00025
20,120,60,0.5,0.058823529411764705,0.0,0.0155,0.01175,0.00775
20,120,60,0.65,0.09553420011305823,0.0,0.04625,0.037,0.02875
20,120,60,0.7,0.10913140311804007,0.0,0.07225,0.0585,0.046
20,120,60,0.8,0.13793103448275862,0.0,0.14575,0.1235,0.10325
20,120,60,1.0,0.2,0.0,0.39425,0.35675,0.30975
20,160,80,0.0,0.0,0.0,0.0005,0.0005,0.0005
20,160,80,0.5,0.058823529411764705,0.0,0.01725,0.01375,0.011
20,160,80,0.65,0.09553420011305823,0.0,0.075,0.064,0.05
20,160,80,0.7,0.10913140311804007,0.0,0.122,0.105,0.08375
20,160,80,0.8,0.13793103448275862,0.0,0.23175,0.20575,0.177
20,160,80,1.0,0.2,0.0,0.61625,0.5775,0.533
20,200,100,0.0,0.0,0.0,0.00025,0.0,0.0
20,200,100,0.5,0.058823529411764705,0.0,0.026,0.021,0.01775
20,200,100,0.65,0.09553420011305823,0.0,0.12625,0.106,0.08525
20,200,100,0.7,0.10913140311804007,0.0,0.1875,0.165,0.145
20,200,100,0.8,0.13793103448275862,0.0,0.38225,0.3535,0.31275
20,200,100,1.0,0.2,0.0,0.80075,0.77425,0.74475
20,240,120,0.0,0.0,0.0,0.0,0.0,0.0
20,240,120,0.5,0.058823529411764705,0.0,0.04525,0.03725,0.0285
20,240,120,0.65,0.09553420011305823,0.0,0.17475,0.15525,0.13375
20,240,120,0.7,0.10913140311804007,0.0,0.28,0.25075,0.21925
20,240,120,0.8,0.13793103448275862,0.0,0.50525,0.472,0.43175
20,240,120,1.0,0.2,0.0,0.917,0.9055,0.88025
20,280,140,0.0,0.0,0.0,0.0,0.0,0.0
20,280,140,0.5,0.058823529411764705,0.0,0.04825,0.04125,0.0355
20,280,140,0.65,0.09553420011305823,0.0,0.25925,0.23675,0.20675
20,280,140,0.7,0.10913140311804007,0.0,0.3655,0.329,0.295
20,280,140,0.8,0.13793103448275862,0.0,0.63625,0.60575,0.569
20,280,140,1.0,0.2,0.0,0.965,0.9595,0.9495
20,320,160,0.0,0.0,0.0,0.0,0.0,0.0
20,320,160,0.5,0.058823529411764705,0.0,0.06025,0.0515,0.0415
20,320,160,0.65,0.09553420011305823,0.0,0.3265,0.3005,0.27125
20,320,160,0.7,0.10913140311804007,0.0,0.47275,0.44125,0.4025
20,320,160,0.8,0.13793103448275862,0.0,0.75375,0.72775,0.697
20,320,160,1.0,0.2,0.0,0.9885,0.98575,0.982
