K,n_true,n,rho,umbral_bf,p_any,p_true
20,1,40,0.0,4,0.15575,
20,1,40,0.0,6,0.1075,
20,1,40,0.0,10,0.06075,
20,1,40,0.2,4,0.18275,0.04675
20,1,40,0.2,6,0.12425,0.0305
20,1,40,0.2,10,0.074,0.0185
20,1,40,0.3,4,0.23425,0.1135
20,1,40,0.3,6,0.168,0.08525
20,1,40,0.3,10,0.1085,0.06025
20,1,40,0.4,4,0.3105,0.2275
20,1,40,0.4,6,0.23175,0.17275
20,1,40,0.4,10,0.1605,0.125
20,1,40,0.5,4,0.488,0.42075
20,1,40,0.5,6,0.40025,0.3525
20,1,40,0.5,10,0.31225,0.28225
20,1,50,0.0,4,0.13975,
20,1,50,0.0,6,0.09,
20,1,50,0.0,10,0.05625,
20,1,50,0.2,4,0.1845,0.06775
20,1,50,0.2,6,0.13175,0.051
20,1,50,0.2,10,0.08025,0.0355
20,1,50,0.3,4,0.2715,0.1685
20,1,50,0.3,6,0.204,0.13375
20,1,50,0.3,10,0.133,0.0945
20,1,50,0.4,4,0.4505,0.382
20,1,50,0.4,6,0.37225,0.3235
20,1,50,0.4,10,0.29225,0.2595
20,1,50,0.5,4,0.665,0.6205
20,1,50,0.5,6,0.591,0.55775
20,1,50,0.5,10,0.50375,0.48025
20,1,60,0.0,4,0.13225,
20,1,60,0.0,6,0.08925,
20,1,60,0.0,10,0.05175,
20,1,60,0.2,4,0.18775,0.0815
20,1,60,0.2,6,0.129,0.0585
20,1,60,0.2,10,0.08175,0.03825
20,1,60,0.3,4,0.3115,0.2295
20,1,60,0.3,6,0.2415,0.18325
20,1,60,0.3,10,0.1735,0.14075
20,1,60,0.4,4,0.54875,0.49825
20,1,60,0.4,6,0.472,0.43375
20,1,60,0.4,10,0.38975,0.36325
20,1,60,0.5,4,0.79575,0.77275
20,1,60,0.5,6,0.73625,0.7195
20,1,60,0.5,10,0.6685,0.6555
20,1,72,0.0,4,0.12325,
20,1,72,0.0,6,0.08625,
20,1,72,0.0,10,0.05275,
20,1,72,0.2,4,0.20275,0.0985
20,1,72,0.2,6,0.14625,0.07325
20,1,72,0.2,10,0.0935,0.05475
20,1,72,0.3,4,0.3785,0.30575
20,1,72,0.3,6,0.31275,0.25725
20,1,72,0.3,10,0.23325,0.20325
20,1,72,0.4,4,0.66025,0.626
20,1,72,0.4,6,0.588,0.56225
20,1,72,0.4,10,0.50825,0.4925
20,1,72,0.5,4,0.90425,0.8945
20,1,72,0.5,6,0.86875,0.863
20,1,72,0.5,10,0.82075,0.81525
20,1,85,0.0,4,0.1165,
20,1,85,0.0,6,0.07875,
20,1,85,0.0,10,0.03925,
20,1,85,0.2,4,0.223,0.138
20,1,85,0.2,6,0.16625,0.10725
20,1,85,0.2,10,0.1115,0.0785
20,1,85,0.3,4,0.46275,0.40275
20,1,85,0.3,6,0.3835,0.34175
20,1,85,0.3,10,0.30425,0.275
20,1,85,0.4,4,0.772,0.749
20,1,85,0.4,6,0.7125,0.6975
20,1,85,0.4,10,0.64175,0.63125
20,1,85,0.5,4,0.9545,0.95025
20,1,85,0.5,6,0.93775,0.9345
20,1,85,0.5,10,0.9175,0.9135
20,1,100,0.0,4,0.099,
20,1,100,0.0,6,0.06525,
20,1,100,0.0,10,0.03775,
20,1,100,0.2,4,0.25375,0.172
20,1,100,0.2,6,0.1895,0.1355
20,1,100,0.2,10,0.13425,0.09875
20,1,100,0.3,4,0.53675,0.4925
20,1,100,0.3,6,0.46375,0.4345
20,1,100,0.3,10,0.385,0.36475
20,1,100,0.4,4,0.86775,0.85575
20,1,100,0.4,6,0.82725,0.818
20,1,100,0.4,10,0.76825,0.76125
20,1,100,0.5,4,0.985,0.98325
20,1,100,0.5,6,0.9765,0.9755
20,1,100,0.5,10,0.9675,0.967
20,1,120,0.0,4,0.0895,
20,1,120,0.0,6,0.057,
20,1,120,0.0,10,0.03225,
20,1,120,0.2,4,0.2715,0.20975
20,1,120,0.2,6,0.21175,0.16975
20,1,120,0.2,10,0.152,0.12925
20,1,120,0.3,4,0.6565,0.6275
20,1,120,0.3,6,0.60025,0.57475
20,1,120,0.3,10,0.51675,0.50125
20,1,120,0.4,4,0.932,0.92525
20,1,120,0.4,6,0.9085,0.90175
20,1,120,0.4,10,0.876,0.871
20,1,120,0.5,4,0.99675,0.99675
20,1,120,0.5,6,0.99525,0.995
20,1,120,0.5,10,0.99275,0.9925
20,1,140,0.0,4,0.0855,
20,1,140,0.0,6,0.059,
20,1,140,0.0,10,0.0335,
20,1,140,0.2,4,0.33425,0.27475
20,1,140,0.2,6,0.271,0.22775
20,1,140,0.2,10,0.2005,0.1755
20,1,140,0.3,4,0.74475,0.72275
20,1,140,0.3,6,0.68475,0.66925
20,1,140,0.3,10,0.61575,0.60375
20,1,140,0.4,4,0.96625,0.9635
20,1,140,0.4,6,0.951,0.9485
20,1,140,0.4,10,0.92875,0.927
20,1,140,0.5,4,0.999,0.999
20,1,140,0.5,6,0.9985,0.9985
20,1,140,0.5,10,0.99775,0.99775
20,1,160,0.0,4,0.08175,
20,1,160,0.0,6,0.0545,
20,1,160,0.0,10,0.029,
20,1,160,0.2,4,0.36975,0.3185
20,1,160,0.2,6,0.30725,0.2705
20,1,160,0.2,10,0.2335,0.2135
20,1,160,0.3,4,0.8045,0.791
20,1,160,0.3,6,0.75875,0.74925
20,1,160,0.3,10,0.70125,0.69325
20,1,160,0.4,4,0.9875,0.987
20,1,160,0.4,6,0.98125,0.98125
20,1,160,0.4,10,0.97025,0.97025
20,1,160,0.5,4,1.0,1.0
20,1,160,0.5,6,1.0,1.0
20,1,160,0.5,10,0.99975,0.99975
5,1,40,0.0,4,0.04075,
5,1,40,0.0,6,0.02625,
5,1,40,0.0,10,0.015,
5,1,40,0.3,4,0.22,0.19475
5,1,40,0.3,6,0.1675,0.15125
5,1,40,0.3,10,0.1245,0.11475
5,1,40,0.4,4,0.43825,0.423
5,1,40,0.4,6,0.3675,0.35675
5,1,40,0.4,10,0.29575,0.289
5,1,50,0.0,4,0.033,
5,1,50,0.0,6,0.0235,
5,1,50,0.0,10,0.0145,
5,1,50,0.3,4,0.2845,0.267
5,1,50,0.3,6,0.2315,0.22
5,1,50,0.3,10,0.17325,0.16475
5,1,50,0.4,4,0.55625,0.543
5,1,50,0.4,6,0.4975,0.487
5,1,50,0.4,10,0.43,0.4245
5,1,60,0.0,4,0.0325,
5,1,60,0.0,6,0.02175,
5,1,60,0.0,10,0.0135,
5,1,60,0.3,4,0.35275,0.33525
5,1,60,0.3,6,0.291,0.279
5,1,60,0.3,10,0.23325,0.228
5,1,60,0.4,4,0.677,0.669
5,1,60,0.4,6,0.61875,0.6135
5,1,60,0.4,10,0.54425,0.5405
5,1,72,0.0,4,0.02475,
5,1,72,0.0,6,0.015,
5,1,72,0.0,10,0.0095,
5,1,72,0.3,4,0.43425,0.4185
5,1,72,0.3,6,0.36775,0.357
5,1,72,0.3,10,0.30425,0.2975
5,1,72,0.4,4,0.7605,0.754
5,1,72,0.4,6,0.712,0.70675
5,1,72,0.4,10,0.644,0.6405
5,1,85,0.0,4,0.028,
5,1,85,0.0,6,0.01875,
5,1,85,0.0,10,0.01275,
5,1,85,0.3,4,0.50225,0.48825
5,1,85,0.3,6,0.4445,0.434
5,1,85,0.3,10,0.371,0.364
5,1,85,0.4,4,0.85475,0.852
5,1,85,0.4,6,0.81875,0.81625
5,1,85,0.4,10,0.76425,0.76275
5,1,100,0.0,4,0.02525,
5,1,100,0.0,6,0.0165,
5,1,100,0.0,10,0.00825,
5,1,100,0.3,4,0.59275,0.58375
5,1,100,0.3,6,0.535,0.529
5,1,100,0.3,10,0.46575,0.46025
5,1,100,0.4,4,0.91175,0.91025
5,1,100,0.4,6,0.88375,0.88225
5,1,100,0.4,10,0.8505,0.84925
5,1,120,0.0,4,0.02675,
5,1,120,0.0,6,0.01825,
5,1,120,0.0,10,0.01025,
5,1,120,0.3,4,0.6945,0.68775
5,1,120,0.3,6,0.6385,0.63375
5,1,120,0.3,10,0.57675,0.57425
5,1,120,0.4,4,0.95675,0.95625
5,1,120,0.4,6,0.94225,0.942
5,1,120,0.4,10,0.91775,0.91725
5,1,140,0.0,4,0.0165,
5,1,140,0.0,6,0.01,
5,1,140,0.0,10,0.00625,
5,1,140,0.3,4,0.78075,0.777
5,1,140,0.3,6,0.73125,0.729
5,1,140,0.3,10,0.67675,0.6755
5,1,140,0.4,4,0.9805,0.98025
5,1,140,0.4,6,0.97175,0.9715
5,1,140,0.4,10,0.95775,0.95775
5,1,160,0.0,4,0.02125,
5,1,160,0.0,6,0.013,
5,1,160,0.0,10,0.007,
5,1,160,0.3,4,0.845,0.843
5,1,160,0.3,6,0.81075,0.8095
5,1,160,0.3,10,0.761,0.75975
5,1,160,0.4,4,0.99175,0.99175
5,1,160,0.4,6,0.98925,0.98925
5,1,160,0.4,10,0.983,0.983
10,1,40,0.0,4,0.08525,
10,1,40,0.0,6,0.05625,
10,1,40,0.0,10,0.0325,
10,1,40,0.3,4,0.21675,0.16475
10,1,40,0.3,6,0.167,0.13275
10,1,40,0.3,10,0.117,0.09825
10,1,40,0.4,4,0.412,0.371
10,1,40,0.4,6,0.3315,0.30475
10,1,40,0.4,10,0.247,0.23125
10,1,50,0.0,4,0.08025,
10,1,50,0.0,6,0.051,
10,1,50,0.0,10,0.0295,
10,1,50,0.3,4,0.285,0.24075
10,1,50,0.3,6,0.22375,0.191
10,1,50,0.3,10,0.1665,0.14625
10,1,50,0.4,4,0.52125,0.494
10,1,50,0.4,6,0.4535,0.4335
10,1,50,0.4,10,0.37325,0.3595
10,1,60,0.0,4,0.06425,
10,1,60,0.0,6,0.0415,
10,1,60,0.0,10,0.01925,
10,1,60,0.3,4,0.335,0.29875
10,1,60,0.3,6,0.26875,0.2425
10,1,60,0.3,10,0.20625,0.18975
10,1,60,0.4,4,0.62725,0.60675
10,1,60,0.4,6,0.56075,0.546
10,1,60,0.4,10,0.48275,0.47425
10,1,72,0.0,4,0.059,
10,1,72,0.0,6,0.03925,
10,1,72,0.0,10,0.02075,
10,1,72,0.3,4,0.415,0.383
10,1,72,0.3,6,0.35075,0.328
10,1,72,0.3,10,0.27625,0.26475
10,1,72,0.4,4,0.73525,0.72025
10,1,72,0.4,6,0.67625,0.666
10,1,72,0.4,10,0.6065,0.5975
10,1,85,0.0,4,0.05275,
10,1,85,0.0,6,0.03425,
10,1,85,0.0,10,0.01925,
10,1,85,0.3,4,0.4815,0.457
10,1,85,0.3,6,0.4185,0.40325
10,1,85,0.3,10,0.3455,0.33525
10,1,85,0.4,4,0.828,0.82
10,1,85,0.4,6,0.78375,0.777
10,1,85,0.4,10,0.72675,0.72325
10,1,100,0.0,4,0.04675,
10,1,100,0.0,6,0.02725,
10,1,100,0.0,10,0.01525,
10,1,100,0.3,4,0.57375,0.55575
10,1,100,0.3,6,0.511,0.49975
10,1,100,0.3,10,0.4345,0.427
10,1,100,0.4,4,0.896,0.89275
10,1,100,0.4,6,0.86425,0.86225
10,1,100,0.4,10,0.819,0.81875
10,1,120,0.0,4,0.03925,
10,1,120,0.0,6,0.0255,
10,1,120,0.0,10,0.0165,
10,1,120,0.3,4,0.689,0.67875
10,1,120,0.3,6,0.63325,0.6255
10,1,120,0.3,10,0.55725,0.55
10,1,120,0.4,4,0.95225,0.9515
10,1,120,0.4,6,0.9365,0.935
10,1,120,0.4,10,0.907,0.90575
10,1,140,0.0,4,0.04325,
10,1,140,0.0,6,0.02675,
10,1,140,0.0,10,0.016,
10,1,140,0.3,4,0.76925,0.75875
10,1,140,0.3,6,0.71775,0.71
10,1,140,0.3,10,0.65475,0.65
10,1,140,0.4,4,0.97825,0.977
10,1,140,0.4,6,0.9705,0.96925
10,1,140,0.4,10,0.958,0.95725
10,1,160,0.0,4,0.0395,
10,1,160,0.0,6,0.025,
10,1,160,0.0,10,0.01375,
10,1,160,0.3,4,0.83275,0.82875
10,1,160,0.3,6,0.79075,0.7885
10,1,160,0.3,10,0.7455,0.74325
10,1,160,0.4,4,0.99275,0.99225
10,1,160,0.4,6,0.98925,0.98875
10,1,160,0.4,10,0.98225,0.98175
14,1,40,0.0,4,0.1145,
14,1,40,0.0,6,0.0745,
14,1,40,0.0,10,0.04275,
14,1,40,0.3,4,0.22475,0.13975
14,1,40,0.3,6,0.16825,0.10825
14,1,40,0.3,10,0.11525,0.07725
14,1,40,0.4,4,0.352,0.296
14,1,40,0.4,6,0.2835,0.2455
14,1,40,0.4,10,0.209,0.18575
14,1,50,0.0,4,0.10325,
14,1,50,0.0,6,0.06575,
14,1,50,0.0,10,0.03775,
14,1,50,0.3,4,0.272,0.20675
14,1,50,0.3,6,0.21225,0.16275
14,1,50,0.3,10,0.151,0.12175
14,1,50,0.4,4,0.4955,0.4475
14,1,50,0.4,6,0.42175,0.38725
14,1,50,0.4,10,0.334,0.3125
14,1,60,0.0,4,0.09375,
14,1,60,0.0,6,0.0595,
14,1,60,0.0,10,0.03675,
14,1,60,0.3,4,0.32175,0.273
14,1,60,0.3,6,0.25425,0.222
14,1,60,0.3,10,0.19325,0.172
14,1,60,0.4,4,0.5855,0.5525
14,1,60,0.4,6,0.51425,0.49075
14,1,60,0.4,10,0.433,0.4175
14,1,72,0.0,4,0.0865,
14,1,72,0.0,6,0.05725,
14,1,72,0.0,10,0.03475,
14,1,72,0.3,4,0.40825,0.3685
14,1,72,0.3,6,0.34225,0.31275
14,1,72,0.3,10,0.27175,0.255
14,1,72,0.4,4,0.71025,0.6925
14,1,72,0.4,6,0.64825,0.63475
14,1,72,0.4,10,0.57225,0.56275
14,1,85,0.0,4,0.07925,
14,1,85,0.0,6,0.0525,
14,1,85,0.0,10,0.03225,
14,1,85,0.3,4,0.48175,0.44375
14,1,85,0.3,6,0.41375,0.38575
14,1,85,0.3,10,0.33575,0.31725
14,1,85,0.4,4,0.802,0.78825
14,1,85,0.4,6,0.748,0.73875
14,1,85,0.4,10,0.6855,0.67925
14,1,100,0.0,4,0.07025,
14,1,100,0.0,6,0.04675,
14,1,100,0.0,10,0.02525,
14,1,100,0.3,4,0.5635,0.541
14,1,100,0.3,6,0.4965,0.481
14,1,100,0.3,10,0.42275,0.41375
14,1,100,0.4,4,0.88525,0.877
14,1,100,0.4,6,0.846,0.8405
14,1,100,0.4,10,0.80275,0.7985
14,1,120,0.0,4,0.063,
14,1,120,0.0,6,0.04025,
14,1,120,0.0,10,0.02275,
14,1,120,0.3,4,0.6695,0.6495
14,1,120,0.3,6,0.6115,0.59825
14,1,120,0.3,10,0.53975,0.52875
14,1,120,0.4,4,0.94675,0.94525
14,1,120,0.4,6,0.93,0.92875
14,1,120,0.4,10,0.89875,0.897
14,1,140,0.0,4,0.061,
14,1,140,0.0,6,0.0375,
14,1,140,0.0,10,0.0215,
14,1,140,0.3,4,0.755,0.7445
14,1,140,0.3,6,0.7045,0.6965
14,1,140,0.3,10,0.64675,0.641
14,1,140,0.4,4,0.97375,0.97275
14,1,140,0.4,6,0.965,0.96325
14,1,140,0.4,10,0.9475,0.946
14,1,160,0.0,4,0.0495,
14,1,160,0.0,6,0.03575,
14,1,160,0.0,10,0.0205,
14,1,160,0.3,4,0.823,0.815
14,1,160,0.3,6,0.77525,0.771
14,1,160,0.3,10,0.7295,0.72725
14,1,160,0.4,4,0.99125,0.99125
14,1,160,0.4,6,0.98725,0.98725
14,1,160,0.4,10,0.9795,0.9795
